datasetSize;arrayType;sortType;time
50;Random(0-5);selectionSort;22673
50;Random(0-4000);selectionSort;18977
50;AlmostSorted;selectionSort;14290
50;ReversedSorted;selectionSort;27107
100;Random(0-5);selectionSort;84177
100;Random(0-4000);selectionSort;56045
100;AlmostSorted;selectionSort;83562
100;ReversedSorted;selectionSort;86793
150;Random(0-5);selectionSort;158112
150;Random(0-4000);selectionSort;172122
150;AlmostSorted;selectionSort;101988
150;ReversedSorted;selectionSort;62021
200;Random(0-5);selectionSort;172684
200;Random(0-4000);selectionSort;178956
200;AlmostSorted;selectionSort;156515
200;ReversedSorted;selectionSort;227793
250;Random(0-5);selectionSort;176329
250;Random(0-4000);selectionSort;174908
250;AlmostSorted;selectionSort;182051
250;ReversedSorted;selectionSort;263324
300;Random(0-5);selectionSort;365583
300;Random(0-4000);selectionSort;380606
300;AlmostSorted;selectionSort;330011
300;ReversedSorted;selectionSort;293670
400;Random(0-5);selectionSort;468620
400;Random(0-4000);selectionSort;474081
400;AlmostSorted;selectionSort;402334
400;ReversedSorted;selectionSort;352955
500;Random(0-5);selectionSort;582367
500;Random(0-4000);selectionSort;704735
500;AlmostSorted;selectionSort;744444
500;ReversedSorted;selectionSort;696921
600;Random(0-5);selectionSort;911847
600;Random(0-4000);selectionSort;1216502
600;AlmostSorted;selectionSort;782245
600;ReversedSorted;selectionSort;676517
700;Random(0-5);selectionSort;1702335
700;Random(0-4000);selectionSort;1235604
700;AlmostSorted;selectionSort;1150515
700;ReversedSorted;selectionSort;909270
800;Random(0-5);selectionSort;1237270
800;Random(0-4000);selectionSort;1348629
800;AlmostSorted;selectionSort;1669904
800;ReversedSorted;selectionSort;1198679
900;Random(0-5);selectionSort;1683605
900;Random(0-4000);selectionSort;1602107
900;AlmostSorted;selectionSort;1548916
900;ReversedSorted;selectionSort;1504840
1000;Random(0-5);selectionSort;1922122
1000;Random(0-4000);selectionSort;1966466
1000;AlmostSorted;selectionSort;1960410
1000;ReversedSorted;selectionSort;1868316
1100;Random(0-5);selectionSort;2380025
1100;Random(0-4000);selectionSort;2395654
1100;AlmostSorted;selectionSort;2359254
1100;ReversedSorted;selectionSort;2311058
1200;Random(0-5);selectionSort;3157626
1200;Random(0-4000);selectionSort;3341241
1200;AlmostSorted;selectionSort;2787065
1200;ReversedSorted;selectionSort;2648004
1300;Random(0-5);selectionSort;3279523
1300;Random(0-4000);selectionSort;3363857
1300;AlmostSorted;selectionSort;3279024
1300;ReversedSorted;selectionSort;3396060
1400;Random(0-5);selectionSort;4086096
1400;Random(0-4000);selectionSort;3870254
1400;AlmostSorted;selectionSort;3899520
1400;ReversedSorted;selectionSort;3613315
1500;Random(0-5);selectionSort;4413402
1500;Random(0-4000);selectionSort;4433920
1500;AlmostSorted;selectionSort;4294972
1500;ReversedSorted;selectionSort;4199935
1600;Random(0-5);selectionSort;4919094
1600;Random(0-4000);selectionSort;4994580
1600;AlmostSorted;selectionSort;4870593
1600;ReversedSorted;selectionSort;4720183
1700;Random(0-5);selectionSort;5631758
1700;Random(0-4000);selectionSort;5946376
1700;AlmostSorted;selectionSort;5507472
1700;ReversedSorted;selectionSort;5352301
1800;Random(0-5);selectionSort;6292739
1800;Random(0-4000);selectionSort;6305070
1800;AlmostSorted;selectionSort;6197251
1800;ReversedSorted;selectionSort;6113521
1900;Random(0-5);selectionSort;7647672
1900;Random(0-4000);selectionSort;7017378
1900;AlmostSorted;selectionSort;7240303
1900;ReversedSorted;selectionSort;6632187
2000;Random(0-5);selectionSort;7627590
2000;Random(0-4000);selectionSort;7764595
2000;AlmostSorted;selectionSort;7781160
2000;ReversedSorted;selectionSort;7528194
2100;Random(0-5);selectionSort;8518437
2100;Random(0-4000);selectionSort;8632088
2100;AlmostSorted;selectionSort;8890256
2100;ReversedSorted;selectionSort;8289680
2200;Random(0-5);selectionSort;9604836
2200;Random(0-4000);selectionSort;9788755
2200;AlmostSorted;selectionSort;9323774
2200;ReversedSorted;selectionSort;8931246
2300;Random(0-5);selectionSort;10296081
2300;Random(0-4000);selectionSort;10290344
2300;AlmostSorted;selectionSort;10614251
2300;ReversedSorted;selectionSort;9760092
2400;Random(0-5);selectionSort;11192808
2400;Random(0-4000);selectionSort;11418653
2400;AlmostSorted;selectionSort;11038609
2400;ReversedSorted;selectionSort;10826870
2500;Random(0-5);selectionSort;12205689
2500;Random(0-4000);selectionSort;12761808
2500;AlmostSorted;selectionSort;11862233
2500;ReversedSorted;selectionSort;11580060
2600;Random(0-5);selectionSort;14074642
2600;Random(0-4000);selectionSort;13088633
2600;AlmostSorted;selectionSort;12984141
2600;ReversedSorted;selectionSort;12885053
2700;Random(0-5);selectionSort;14996891
2700;Random(0-4000);selectionSort;14091089
2700;AlmostSorted;selectionSort;13875820
2700;ReversedSorted;selectionSort;13565065
2800;Random(0-5);selectionSort;15427280
2800;Random(0-4000);selectionSort;15301944
2800;AlmostSorted;selectionSort;15368688
2800;ReversedSorted;selectionSort;15534017
2900;Random(0-5);selectionSort;17605956
2900;Random(0-4000);selectionSort;16754203
2900;AlmostSorted;selectionSort;16710258
2900;ReversedSorted;selectionSort;15860938
3000;Random(0-5);selectionSort;18459719
3000;Random(0-4000);selectionSort;18139652
3000;AlmostSorted;selectionSort;18159381
3000;ReversedSorted;selectionSort;16720127
3100;Random(0-5);selectionSort;18654691
3100;Random(0-4000);selectionSort;18589265
3100;AlmostSorted;selectionSort;18587290
3100;ReversedSorted;selectionSort;17759929
3200;Random(0-5);selectionSort;19998947
3200;Random(0-4000);selectionSort;19847038
3200;AlmostSorted;selectionSort;20089169
3200;ReversedSorted;selectionSort;19467128
3300;Random(0-5);selectionSort;21729641
3300;Random(0-4000);selectionSort;21064418
3300;AlmostSorted;selectionSort;21282337
3300;ReversedSorted;selectionSort;20465323
3400;Random(0-5);selectionSort;22243852
3400;Random(0-4000);selectionSort;23254850
3400;AlmostSorted;selectionSort;22155395
3400;ReversedSorted;selectionSort;21656481
3500;Random(0-5);selectionSort;23835115
3500;Random(0-4000);selectionSort;23607495
3500;AlmostSorted;selectionSort;23564935
3500;ReversedSorted;selectionSort;22664983
3600;Random(0-5);selectionSort;25373490
3600;Random(0-4000);selectionSort;25395168
3600;AlmostSorted;selectionSort;24988615
3600;ReversedSorted;selectionSort;23701569
3700;Random(0-5);selectionSort;25978041
3700;Random(0-4000);selectionSort;26548172
3700;AlmostSorted;selectionSort;26141467
3700;ReversedSorted;selectionSort;25493319
3800;Random(0-5);selectionSort;28003261
3800;Random(0-4000);selectionSort;29178513
3800;AlmostSorted;selectionSort;27909729
3800;ReversedSorted;selectionSort;26722795
3900;Random(0-5);selectionSort;29249941
3900;Random(0-4000);selectionSort;29806161
3900;AlmostSorted;selectionSort;28867503
3900;ReversedSorted;selectionSort;28282354
4000;Random(0-5);selectionSort;30692039
4000;Random(0-4000);selectionSort;30902293
4000;AlmostSorted;selectionSort;31156239
4000;ReversedSorted;selectionSort;30079549
4100;Random(0-5);selectionSort;33136768
4100;Random(0-4000);selectionSort;33686904
4100;AlmostSorted;selectionSort;33245095
4100;ReversedSorted;selectionSort;32934213
50;Random(0-5);bubbleSort;9661
50;Random(0-4000);bubbleSort;10612
50;AlmostSorted;bubbleSort;5336
50;ReversedSorted;bubbleSort;14726
100;Random(0-5);bubbleSort;37675
100;Random(0-4000);bubbleSort;43071
100;AlmostSorted;bubbleSort;20870
100;ReversedSorted;bubbleSort;57622
150;Random(0-5);bubbleSort;88551
150;Random(0-4000);bubbleSort;99066
150;AlmostSorted;bubbleSort;51059
150;ReversedSorted;bubbleSort;131578
200;Random(0-5);bubbleSort;159614
200;Random(0-4000);bubbleSort;176564
200;AlmostSorted;bubbleSort;77501
200;ReversedSorted;bubbleSort;241903
250;Random(0-5);bubbleSort;274054
250;Random(0-4000);bubbleSort;291238
250;AlmostSorted;bubbleSort;117987
250;ReversedSorted;bubbleSort;373631
300;Random(0-5);bubbleSort;516711
300;Random(0-4000);bubbleSort;423134
300;AlmostSorted;bubbleSort;254015
300;ReversedSorted;bubbleSort;587299
400;Random(0-5);bubbleSort;706825
400;Random(0-4000);bubbleSort;802797
400;AlmostSorted;bubbleSort;312919
400;ReversedSorted;bubbleSort;938093
500;Random(0-5);bubbleSort;1110817
500;Random(0-4000);bubbleSort;1194484
500;AlmostSorted;bubbleSort;483702
500;ReversedSorted;bubbleSort;1491403
600;Random(0-5);bubbleSort;1676929
600;Random(0-4000);bubbleSort;1776216
600;AlmostSorted;bubbleSort;690821
600;ReversedSorted;bubbleSort;2106625
700;Random(0-5);bubbleSort;2391687
700;Random(0-4000);bubbleSort;2446971
700;AlmostSorted;bubbleSort;985502
700;ReversedSorted;bubbleSort;2870884
800;Random(0-5);bubbleSort;3163646
800;Random(0-4000);bubbleSort;3230419
800;AlmostSorted;bubbleSort;1220505
800;ReversedSorted;bubbleSort;3752495
900;Random(0-5);bubbleSort;3908501
900;Random(0-4000);bubbleSort;4536851
900;AlmostSorted;bubbleSort;1604094
900;ReversedSorted;bubbleSort;4740881
1000;Random(0-5);bubbleSort;4890924
1000;Random(0-4000);bubbleSort;5200998
1000;AlmostSorted;bubbleSort;1904856
1000;ReversedSorted;bubbleSort;5878392
1100;Random(0-5);bubbleSort;6163045
1100;Random(0-4000);bubbleSort;6306558
1100;AlmostSorted;bubbleSort;2278251
1100;ReversedSorted;bubbleSort;7123995
1200;Random(0-5);bubbleSort;7177138
1200;Random(0-4000);bubbleSort;7635921
1200;AlmostSorted;bubbleSort;2715912
1200;ReversedSorted;bubbleSort;8585386
1300;Random(0-5);bubbleSort;8406301
1300;Random(0-4000);bubbleSort;8911166
1300;AlmostSorted;bubbleSort;3138201
1300;ReversedSorted;bubbleSort;10020018
1400;Random(0-5);bubbleSort;9904436
1400;Random(0-4000);bubbleSort;10527137
1400;AlmostSorted;bubbleSort;3620724
1400;ReversedSorted;bubbleSort;11468355
1500;Random(0-5);bubbleSort;11543721
1500;Random(0-4000);bubbleSort;12065257
1500;AlmostSorted;bubbleSort;4198184
1500;ReversedSorted;bubbleSort;13221187
1600;Random(0-5);bubbleSort;12974679
1600;Random(0-4000);bubbleSort;13757275
1600;AlmostSorted;bubbleSort;4737959
1600;ReversedSorted;bubbleSort;15098730
1700;Random(0-5);bubbleSort;14325882
1700;Random(0-4000);bubbleSort;15128634
1700;AlmostSorted;bubbleSort;5316079
1700;ReversedSorted;bubbleSort;16112160
1800;Random(0-5);bubbleSort;16148268
1800;Random(0-4000);bubbleSort;17324508
1800;AlmostSorted;bubbleSort;5954924
1800;ReversedSorted;bubbleSort;18325592
1900;Random(0-5);bubbleSort;17965338
1900;Random(0-4000);bubbleSort;19893817
1900;AlmostSorted;bubbleSort;6676497
1900;ReversedSorted;bubbleSort;21173891
2000;Random(0-5);bubbleSort;20563183
2000;Random(0-4000);bubbleSort;21663776
2000;AlmostSorted;bubbleSort;7352878
2000;ReversedSorted;bubbleSort;24803348
2100;Random(0-5);bubbleSort;23459699
2100;Random(0-4000);bubbleSort;23970778
2100;AlmostSorted;bubbleSort;8117821
2100;ReversedSorted;bubbleSort;25902326
2200;Random(0-5);bubbleSort;28129494
2200;Random(0-4000);bubbleSort;31570511
2200;AlmostSorted;bubbleSort;13863645
2200;ReversedSorted;bubbleSort;29372544
2300;Random(0-5);bubbleSort;29524702
2300;Random(0-4000);bubbleSort;29150735
2300;AlmostSorted;bubbleSort;10171572
2300;ReversedSorted;bubbleSort;31454772
2400;Random(0-5);bubbleSort;31258600
2400;Random(0-4000);bubbleSort;30571084
2400;AlmostSorted;bubbleSort;11270532
2400;ReversedSorted;bubbleSort;33762744
2500;Random(0-5);bubbleSort;33985088
2500;Random(0-4000);bubbleSort;37209004
2500;AlmostSorted;bubbleSort;11549792
2500;ReversedSorted;bubbleSort;48821617
2600;Random(0-5);bubbleSort;36206265
2600;Random(0-4000);bubbleSort;44265357
2600;AlmostSorted;bubbleSort;18044780
2600;ReversedSorted;bubbleSort;40279225
2700;Random(0-5);bubbleSort;37970112
2700;Random(0-4000);bubbleSort;45872750
2700;AlmostSorted;bubbleSort;14416821
2700;ReversedSorted;bubbleSort;49019538
2800;Random(0-5);bubbleSort;60242959
2800;Random(0-4000);bubbleSort;51482612
2800;AlmostSorted;bubbleSort;14821508
2800;ReversedSorted;bubbleSort;47085400
2900;Random(0-5);bubbleSort;42993722
2900;Random(0-4000);bubbleSort;46383199
2900;AlmostSorted;bubbleSort;16919947
2900;ReversedSorted;bubbleSort;51735262
3000;Random(0-5);bubbleSort;46335881
3000;Random(0-4000);bubbleSort;50029652
3000;AlmostSorted;bubbleSort;16614734
3000;ReversedSorted;bubbleSort;52869434
3100;Random(0-5);bubbleSort;49798667
3100;Random(0-4000);bubbleSort;54641732
3100;AlmostSorted;bubbleSort;18128939
3100;ReversedSorted;bubbleSort;57345800
3200;Random(0-5);bubbleSort;53449453
3200;Random(0-4000);bubbleSort;56809962
3200;AlmostSorted;bubbleSort;19292567
3200;ReversedSorted;bubbleSort;61781530
3300;Random(0-5);bubbleSort;56749453
3300;Random(0-4000);bubbleSort;62111011
3300;AlmostSorted;bubbleSort;20700863
3300;ReversedSorted;bubbleSort;64605730
3400;Random(0-5);bubbleSort;59744039
3400;Random(0-4000);bubbleSort;62990698
3400;AlmostSorted;bubbleSort;21426232
3400;ReversedSorted;bubbleSort;68131415
3500;Random(0-5);bubbleSort;63276121
3500;Random(0-4000);bubbleSort;67470974
3500;AlmostSorted;bubbleSort;22985230
3500;ReversedSorted;bubbleSort;72791296
3600;Random(0-5);bubbleSort;66750705
3600;Random(0-4000);bubbleSort;71366949
3600;AlmostSorted;bubbleSort;23931124
3600;ReversedSorted;bubbleSort;74225841
3700;Random(0-5);bubbleSort;70824046
3700;Random(0-4000);bubbleSort;76595929
3700;AlmostSorted;bubbleSort;26562091
3700;ReversedSorted;bubbleSort;82907752
3800;Random(0-5);bubbleSort;76199467
3800;Random(0-4000);bubbleSort;81902646
3800;AlmostSorted;bubbleSort;27120090
3800;ReversedSorted;bubbleSort;89088009
3900;Random(0-5);bubbleSort;80060581
3900;Random(0-4000);bubbleSort;86475829
3900;AlmostSorted;bubbleSort;28871306
3900;ReversedSorted;bubbleSort;87905779
4000;Random(0-5);bubbleSort;83394323
4000;Random(0-4000);bubbleSort;95462377
4000;AlmostSorted;bubbleSort;37639206
4000;ReversedSorted;bubbleSort;97606032
4100;Random(0-5);bubbleSort;89929355
4100;Random(0-4000);bubbleSort;96981969
4100;AlmostSorted;bubbleSort;35988487
4100;ReversedSorted;bubbleSort;101874731
50;Random(0-5);bubbleSortAiverson1;10313
50;Random(0-4000);bubbleSortAiverson1;12265
50;AlmostSorted;bubbleSortAiverson1;1271
50;ReversedSorted;bubbleSortAiverson1;14731
100;Random(0-5);bubbleSortAiverson1;41469
100;Random(0-4000);bubbleSortAiverson1;46516
100;AlmostSorted;bubbleSortAiverson1;14118
100;ReversedSorted;bubbleSortAiverson1;59464
150;Random(0-5);bubbleSortAiverson1;104300
150;Random(0-4000);bubbleSortAiverson1;114882
150;AlmostSorted;bubbleSortAiverson1;22667
150;ReversedSorted;bubbleSortAiverson1;134417
200;Random(0-5);bubbleSortAiverson1;193915
200;Random(0-4000);bubbleSortAiverson1;203150
200;AlmostSorted;bubbleSortAiverson1;30997
200;ReversedSorted;bubbleSortAiverson1;238758
250;Random(0-5);bubbleSortAiverson1;379211
250;Random(0-4000);bubbleSortAiverson1;531405
250;AlmostSorted;bubbleSortAiverson1;71815
250;ReversedSorted;bubbleSortAiverson1;504283
300;Random(0-5);bubbleSortAiverson1;455021
300;Random(0-4000);bubbleSortAiverson1;486942
300;AlmostSorted;bubbleSortAiverson1;49721
300;ReversedSorted;bubbleSortAiverson1;526727
400;Random(0-5);bubbleSortAiverson1;818381
400;Random(0-4000);bubbleSortAiverson1;879841
400;AlmostSorted;bubbleSortAiverson1;280830
400;ReversedSorted;bubbleSortAiverson1;945688
500;Random(0-5);bubbleSortAiverson1;1259534
500;Random(0-4000);bubbleSortAiverson1;1360118
500;AlmostSorted;bubbleSortAiverson1;487179
500;ReversedSorted;bubbleSortAiverson1;1553253
600;Random(0-5);bubbleSortAiverson1;1850366
600;Random(0-4000);bubbleSortAiverson1;1990739
600;AlmostSorted;bubbleSortAiverson1;647051
600;ReversedSorted;bubbleSortAiverson1;2134473
700;Random(0-5);bubbleSortAiverson1;2555945
700;Random(0-4000);bubbleSortAiverson1;2718751
700;AlmostSorted;bubbleSortAiverson1;801564
700;ReversedSorted;bubbleSortAiverson1;2902172
800;Random(0-5);bubbleSortAiverson1;3370155
800;Random(0-4000);bubbleSortAiverson1;4034232
800;AlmostSorted;bubbleSortAiverson1;1268288
800;ReversedSorted;bubbleSortAiverson1;3938165
900;Random(0-5);bubbleSortAiverson1;4251423
900;Random(0-4000);bubbleSortAiverson1;4489973
900;AlmostSorted;bubbleSortAiverson1;1819169
900;ReversedSorted;bubbleSortAiverson1;5024210
1000;Random(0-5);bubbleSortAiverson1;5501787
1000;Random(0-4000);bubbleSortAiverson1;5991503
1000;AlmostSorted;bubbleSortAiverson1;1870764
1000;ReversedSorted;bubbleSortAiverson1;6083080
1100;Random(0-5);bubbleSortAiverson1;6420372
1100;Random(0-4000);bubbleSortAiverson1;7118316
1100;AlmostSorted;bubbleSortAiverson1;2180862
1100;ReversedSorted;bubbleSortAiverson1;7380979
1200;Random(0-5);bubbleSortAiverson1;8187045
1200;Random(0-4000);bubbleSortAiverson1;8283238
1200;AlmostSorted;bubbleSortAiverson1;2698649
1200;ReversedSorted;bubbleSortAiverson1;9027061
1300;Random(0-5);bubbleSortAiverson1;9061049
1300;Random(0-4000);bubbleSortAiverson1;9548303
1300;AlmostSorted;bubbleSortAiverson1;2814698
1300;ReversedSorted;bubbleSortAiverson1;10428336
1400;Random(0-5);bubbleSortAiverson1;11302110
1400;Random(0-4000);bubbleSortAiverson1;12319308
1400;AlmostSorted;bubbleSortAiverson1;3120800
1400;ReversedSorted;bubbleSortAiverson1;11766606
1500;Random(0-5);bubbleSortAiverson1;12583144
1500;Random(0-4000);bubbleSortAiverson1;12630780
1500;AlmostSorted;bubbleSortAiverson1;3931517
1500;ReversedSorted;bubbleSortAiverson1;13104449
1600;Random(0-5);bubbleSortAiverson1;13095787
1600;Random(0-4000);bubbleSortAiverson1;14322983
1600;AlmostSorted;bubbleSortAiverson1;3758131
1600;ReversedSorted;bubbleSortAiverson1;15554757
1700;Random(0-5);bubbleSortAiverson1;15158459
1700;Random(0-4000);bubbleSortAiverson1;15748583
1700;AlmostSorted;bubbleSortAiverson1;4061653
1700;ReversedSorted;bubbleSortAiverson1;17252811
1800;Random(0-5);bubbleSortAiverson1;18005258
1800;Random(0-4000);bubbleSortAiverson1;18235421
1800;AlmostSorted;bubbleSortAiverson1;4375811
1800;ReversedSorted;bubbleSortAiverson1;18856736
1900;Random(0-5);bubbleSortAiverson1;19121668
1900;Random(0-4000);bubbleSortAiverson1;19768581
1900;AlmostSorted;bubbleSortAiverson1;5702329
1900;ReversedSorted;bubbleSortAiverson1;21792569
2000;Random(0-5);bubbleSortAiverson1;20375529
2000;Random(0-4000);bubbleSortAiverson1;23709618
2000;AlmostSorted;bubbleSortAiverson1;5424140
2000;ReversedSorted;bubbleSortAiverson1;23140921
2100;Random(0-5);bubbleSortAiverson1;23539492
2100;Random(0-4000);bubbleSortAiverson1;24541566
2100;AlmostSorted;bubbleSortAiverson1;5605333
2100;ReversedSorted;bubbleSortAiverson1;26546175
2200;Random(0-5);bubbleSortAiverson1;25483540
2200;Random(0-4000);bubbleSortAiverson1;28827729
2200;AlmostSorted;bubbleSortAiverson1;6187872
2200;ReversedSorted;bubbleSortAiverson1;30600481
2300;Random(0-5);bubbleSortAiverson1;28721774
2300;Random(0-4000);bubbleSortAiverson1;31991157
2300;AlmostSorted;bubbleSortAiverson1;6107593
2300;ReversedSorted;bubbleSortAiverson1;32285331
2400;Random(0-5);bubbleSortAiverson1;30968449
2400;Random(0-4000);bubbleSortAiverson1;32472756
2400;AlmostSorted;bubbleSortAiverson1;7214408
2400;ReversedSorted;bubbleSortAiverson1;35046862
2500;Random(0-5);bubbleSortAiverson1;32458459
2500;Random(0-4000);bubbleSortAiverson1;37073046
2500;AlmostSorted;bubbleSortAiverson1;6815118
2500;ReversedSorted;bubbleSortAiverson1;37648283
2600;Random(0-5);bubbleSortAiverson1;35869913
2600;Random(0-4000);bubbleSortAiverson1;39594441
2600;AlmostSorted;bubbleSortAiverson1;7111662
2600;ReversedSorted;bubbleSortAiverson1;41628334
2700;Random(0-5);bubbleSortAiverson1;38386781
2700;Random(0-4000);bubbleSortAiverson1;41913024
2700;AlmostSorted;bubbleSortAiverson1;7566087
2700;ReversedSorted;bubbleSortAiverson1;45479452
2800;Random(0-5);bubbleSortAiverson1;42163190
2800;Random(0-4000);bubbleSortAiverson1;44045537
2800;AlmostSorted;bubbleSortAiverson1;8165934
2800;ReversedSorted;bubbleSortAiverson1;48186378
2900;Random(0-5);bubbleSortAiverson1;44607628
2900;Random(0-4000);bubbleSortAiverson1;48060853
2900;AlmostSorted;bubbleSortAiverson1;8596619
2900;ReversedSorted;bubbleSortAiverson1;51197273
3000;Random(0-5);bubbleSortAiverson1;48407243
3000;Random(0-4000);bubbleSortAiverson1;50876627
3000;AlmostSorted;bubbleSortAiverson1;8811016
3000;ReversedSorted;bubbleSortAiverson1;55162973
3100;Random(0-5);bubbleSortAiverson1;51185210
3100;Random(0-4000);bubbleSortAiverson1;54710487
3100;AlmostSorted;bubbleSortAiverson1;8676677
3100;ReversedSorted;bubbleSortAiverson1;58525920
3200;Random(0-5);bubbleSortAiverson1;54335858
3200;Random(0-4000);bubbleSortAiverson1;60153828
3200;AlmostSorted;bubbleSortAiverson1;9456254
3200;ReversedSorted;bubbleSortAiverson1;62857329
3300;Random(0-5);bubbleSortAiverson1;56784162
3300;Random(0-4000);bubbleSortAiverson1;62467921
3300;AlmostSorted;bubbleSortAiverson1;9340534
3300;ReversedSorted;bubbleSortAiverson1;67858383
3400;Random(0-5);bubbleSortAiverson1;62237763
3400;Random(0-4000);bubbleSortAiverson1;67199252
3400;AlmostSorted;bubbleSortAiverson1;9758303
3400;ReversedSorted;bubbleSortAiverson1;87595508
3500;Random(0-5);bubbleSortAiverson1;68385298
3500;Random(0-4000);bubbleSortAiverson1;72779922
3500;AlmostSorted;bubbleSortAiverson1;10891158
3500;ReversedSorted;bubbleSortAiverson1;78459273
3600;Random(0-5);bubbleSortAiverson1;72157285
3600;Random(0-4000);bubbleSortAiverson1;73899018
3600;AlmostSorted;bubbleSortAiverson1;10614629
3600;ReversedSorted;bubbleSortAiverson1;79399773
3700;Random(0-5);bubbleSortAiverson1;71301965
3700;Random(0-4000);bubbleSortAiverson1;78168655
3700;AlmostSorted;bubbleSortAiverson1;10912712
3700;ReversedSorted;bubbleSortAiverson1;79227612
3800;Random(0-5);bubbleSortAiverson1;75372117
3800;Random(0-4000);bubbleSortAiverson1;80319570
3800;AlmostSorted;bubbleSortAiverson1;10995330
3800;ReversedSorted;bubbleSortAiverson1;82511200
3900;Random(0-5);bubbleSortAiverson1;80521544
3900;Random(0-4000);bubbleSortAiverson1;89406825
3900;AlmostSorted;bubbleSortAiverson1;11489953
3900;ReversedSorted;bubbleSortAiverson1;94657432
4000;Random(0-5);bubbleSortAiverson1;84632518
4000;Random(0-4000);bubbleSortAiverson1;88300503
4000;AlmostSorted;bubbleSortAiverson1;11652283
4000;ReversedSorted;bubbleSortAiverson1;94253715
4100;Random(0-5);bubbleSortAiverson1;85740990
4100;Random(0-4000);bubbleSortAiverson1;92690224
4100;AlmostSorted;bubbleSortAiverson1;33801823
4100;ReversedSorted;bubbleSortAiverson1;99108888
50;Random(0-5);bubbleSortAiversonAll;10330
50;Random(0-4000);bubbleSortAiversonAll;10437
50;AlmostSorted;bubbleSortAiversonAll;920
50;ReversedSorted;bubbleSortAiversonAll;14442
100;Random(0-5);bubbleSortAiversonAll;35590
100;Random(0-4000);bubbleSortAiversonAll;42560
100;AlmostSorted;bubbleSortAiversonAll;8249
100;ReversedSorted;bubbleSortAiversonAll;57461
150;Random(0-5);bubbleSortAiversonAll;91958
150;Random(0-4000);bubbleSortAiversonAll;98434
150;AlmostSorted;bubbleSortAiversonAll;10219
150;ReversedSorted;bubbleSortAiversonAll;133104
200;Random(0-5);bubbleSortAiversonAll;157562
200;Random(0-4000);bubbleSortAiversonAll;175143
200;AlmostSorted;bubbleSortAiversonAll;12714
200;ReversedSorted;bubbleSortAiversonAll;235363
250;Random(0-5);bubbleSortAiversonAll;260700
250;Random(0-4000);bubbleSortAiversonAll;289763
250;AlmostSorted;bubbleSortAiversonAll;15124
250;ReversedSorted;bubbleSortAiversonAll;358379
300;Random(0-5);bubbleSortAiversonAll;377167
300;Random(0-4000);bubbleSortAiversonAll;421516
300;AlmostSorted;bubbleSortAiversonAll;22211
300;ReversedSorted;bubbleSortAiversonAll;535923
400;Random(0-5);bubbleSortAiversonAll;702890
400;Random(0-4000);bubbleSortAiversonAll;757317
400;AlmostSorted;bubbleSortAiversonAll;247261
400;ReversedSorted;bubbleSortAiversonAll;933782
500;Random(0-5);bubbleSortAiversonAll;1089994
500;Random(0-4000);bubbleSortAiversonAll;1182557
500;AlmostSorted;bubbleSortAiversonAll;463940
500;ReversedSorted;bubbleSortAiversonAll;1450232
600;Random(0-5);bubbleSortAiversonAll;1620792
600;Random(0-4000);bubbleSortAiversonAll;1739227
600;AlmostSorted;bubbleSortAiversonAll;471723
600;ReversedSorted;bubbleSortAiversonAll;2105603
700;Random(0-5);bubbleSortAiversonAll;2246390
700;Random(0-4000);bubbleSortAiversonAll;2414874
700;AlmostSorted;bubbleSortAiversonAll;477506
700;ReversedSorted;bubbleSortAiversonAll;2852321
800;Random(0-5);bubbleSortAiversonAll;2943263
800;Random(0-4000);bubbleSortAiversonAll;3175807
800;AlmostSorted;bubbleSortAiversonAll;1038479
800;ReversedSorted;bubbleSortAiversonAll;3731613
900;Random(0-5);bubbleSortAiversonAll;3789228
900;Random(0-4000);bubbleSortAiversonAll;4080808
900;AlmostSorted;bubbleSortAiversonAll;1503029
900;ReversedSorted;bubbleSortAiversonAll;4699480
1000;Random(0-5);bubbleSortAiversonAll;4761534
1000;Random(0-4000);bubbleSortAiversonAll;5117532
1000;AlmostSorted;bubbleSortAiversonAll;1625183
1000;ReversedSorted;bubbleSortAiversonAll;5844014
1100;Random(0-5);bubbleSortAiversonAll;5763643
1100;Random(0-4000);bubbleSortAiversonAll;6195631
1100;AlmostSorted;bubbleSortAiversonAll;1625565
1100;ReversedSorted;bubbleSortAiversonAll;7007946
1200;Random(0-5);bubbleSortAiversonAll;6935215
1200;Random(0-4000);bubbleSortAiversonAll;7455164
1200;AlmostSorted;bubbleSortAiversonAll;1668613
1200;ReversedSorted;bubbleSortAiversonAll;8392326
1300;Random(0-5);bubbleSortAiversonAll;8260312
1300;Random(0-4000);bubbleSortAiversonAll;8845980
1300;AlmostSorted;bubbleSortAiversonAll;1674614
1300;ReversedSorted;bubbleSortAiversonAll;9888638
1400;Random(0-5);bubbleSortAiversonAll;9663926
1400;Random(0-4000);bubbleSortAiversonAll;10345840
1400;AlmostSorted;bubbleSortAiversonAll;1747742
1400;ReversedSorted;bubbleSortAiversonAll;11468789
1500;Random(0-5);bubbleSortAiversonAll;11098791
1500;Random(0-4000);bubbleSortAiversonAll;11895691
1500;AlmostSorted;bubbleSortAiversonAll;1765977
1500;ReversedSorted;bubbleSortAiversonAll;13110727
1600;Random(0-5);bubbleSortAiversonAll;12711062
1600;Random(0-4000);bubbleSortAiversonAll;13575646
1600;AlmostSorted;bubbleSortAiversonAll;2558329
1600;ReversedSorted;bubbleSortAiversonAll;14900361
1700;Random(0-5);bubbleSortAiversonAll;14371495
1700;Random(0-4000);bubbleSortAiversonAll;15334825
1700;AlmostSorted;bubbleSortAiversonAll;3233012
1700;ReversedSorted;bubbleSortAiversonAll;16834357
1800;Random(0-5);bubbleSortAiversonAll;16180122
1800;Random(0-4000);bubbleSortAiversonAll;17249643
1800;AlmostSorted;bubbleSortAiversonAll;3279298
1800;ReversedSorted;bubbleSortAiversonAll;18860191
1900;Random(0-5);bubbleSortAiversonAll;18032611
1900;Random(0-4000);bubbleSortAiversonAll;19284891
1900;AlmostSorted;bubbleSortAiversonAll;3607729
1900;ReversedSorted;bubbleSortAiversonAll;21061317
2000;Random(0-5);bubbleSortAiversonAll;20016555
2000;Random(0-4000);bubbleSortAiversonAll;21336592
2000;AlmostSorted;bubbleSortAiversonAll;4803518
2000;ReversedSorted;bubbleSortAiversonAll;23723085
2100;Random(0-5);bubbleSortAiversonAll;24794018
2100;Random(0-4000);bubbleSortAiversonAll;27544053
2100;AlmostSorted;bubbleSortAiversonAll;6646906
2100;ReversedSorted;bubbleSortAiversonAll;24132969
2200;Random(0-5);bubbleSortAiversonAll;27262190
2200;Random(0-4000);bubbleSortAiversonAll;27086634
2200;AlmostSorted;bubbleSortAiversonAll;4837811
2200;ReversedSorted;bubbleSortAiversonAll;28161093
2300;Random(0-5);bubbleSortAiversonAll;26616311
2300;Random(0-4000);bubbleSortAiversonAll;28391483
2300;AlmostSorted;bubbleSortAiversonAll;4804855
2300;ReversedSorted;bubbleSortAiversonAll;30858639
2400;Random(0-5);bubbleSortAiversonAll;29054172
2400;Random(0-4000);bubbleSortAiversonAll;30992120
2400;AlmostSorted;bubbleSortAiversonAll;5289479
2400;ReversedSorted;bubbleSortAiversonAll;33331693
2500;Random(0-5);bubbleSortAiversonAll;31569874
2500;Random(0-4000);bubbleSortAiversonAll;33875567
2500;AlmostSorted;bubbleSortAiversonAll;5363577
2500;ReversedSorted;bubbleSortAiversonAll;36279347
2600;Random(0-5);bubbleSortAiversonAll;33913293
2600;Random(0-4000);bubbleSortAiversonAll;36325102
2600;AlmostSorted;bubbleSortAiversonAll;5598930
2600;ReversedSorted;bubbleSortAiversonAll;39822404
2700;Random(0-5);bubbleSortAiversonAll;42193674
2700;Random(0-4000);bubbleSortAiversonAll;39976236
2700;AlmostSorted;bubbleSortAiversonAll;6568723
2700;ReversedSorted;bubbleSortAiversonAll;47722257
2800;Random(0-5);bubbleSortAiversonAll;40132878
2800;Random(0-4000);bubbleSortAiversonAll;38790284
2800;AlmostSorted;bubbleSortAiversonAll;6800763
2800;ReversedSorted;bubbleSortAiversonAll;46013947
2900;Random(0-5);bubbleSortAiversonAll;50388015
2900;Random(0-4000);bubbleSortAiversonAll;45730046
2900;AlmostSorted;bubbleSortAiversonAll;6983794
2900;ReversedSorted;bubbleSortAiversonAll;50046318
3000;Random(0-5);bubbleSortAiversonAll;45594835
3000;Random(0-4000);bubbleSortAiversonAll;48453493
3000;AlmostSorted;bubbleSortAiversonAll;6887537
3000;ReversedSorted;bubbleSortAiversonAll;49054884
3100;Random(0-5);bubbleSortAiversonAll;47416339
3100;Random(0-4000);bubbleSortAiversonAll;50705822
3100;AlmostSorted;bubbleSortAiversonAll;6893785
3100;ReversedSorted;bubbleSortAiversonAll;52428671
3200;Random(0-5);bubbleSortAiversonAll;50564816
3200;Random(0-4000);bubbleSortAiversonAll;54075522
3200;AlmostSorted;bubbleSortAiversonAll;6999964
3200;ReversedSorted;bubbleSortAiversonAll;56118603
3300;Random(0-5);bubbleSortAiversonAll;53867426
3300;Random(0-4000);bubbleSortAiversonAll;57559322
3300;AlmostSorted;bubbleSortAiversonAll;7001994
3300;ReversedSorted;bubbleSortAiversonAll;61473269
3400;Random(0-5);bubbleSortAiversonAll;58318393
3400;Random(0-4000);bubbleSortAiversonAll;62832546
3400;AlmostSorted;bubbleSortAiversonAll;7037964
3400;ReversedSorted;bubbleSortAiversonAll;67199614
3500;Random(0-5);bubbleSortAiversonAll;62112994
3500;Random(0-4000);bubbleSortAiversonAll;66950429
3500;AlmostSorted;bubbleSortAiversonAll;7040062
3500;ReversedSorted;bubbleSortAiversonAll;71311082
3600;Random(0-5);bubbleSortAiversonAll;65881116
3600;Random(0-4000);bubbleSortAiversonAll;70737240
3600;AlmostSorted;bubbleSortAiversonAll;7472767
3600;ReversedSorted;bubbleSortAiversonAll;75387907
3700;Random(0-5);bubbleSortAiversonAll;69735749
3700;Random(0-4000);bubbleSortAiversonAll;74822561
3700;AlmostSorted;bubbleSortAiversonAll;8649680
3700;ReversedSorted;bubbleSortAiversonAll;79729037
3800;Random(0-5);bubbleSortAiversonAll;73505640
3800;Random(0-4000);bubbleSortAiversonAll;78993080
3800;AlmostSorted;bubbleSortAiversonAll;8753052
3800;ReversedSorted;bubbleSortAiversonAll;84463496
3900;Random(0-5);bubbleSortAiversonAll;77353676
3900;Random(0-4000);bubbleSortAiversonAll;83285395
3900;AlmostSorted;bubbleSortAiversonAll;10396592
3900;ReversedSorted;bubbleSortAiversonAll;88544277
4000;Random(0-5);bubbleSortAiversonAll;81479041
4000;Random(0-4000);bubbleSortAiversonAll;87657206
4000;AlmostSorted;bubbleSortAiversonAll;11077395
4000;ReversedSorted;bubbleSortAiversonAll;93265355
4100;Random(0-5);bubbleSortAiversonAll;83433675
4100;Random(0-4000);bubbleSortAiversonAll;89874799
4100;AlmostSorted;bubbleSortAiversonAll;32989827
4100;ReversedSorted;bubbleSortAiversonAll;97824410
50;Random(0-5);insertionSort;5851
50;Random(0-4000);insertionSort;7269
50;AlmostSorted;insertionSort;722
50;ReversedSorted;insertionSort;14243
100;Random(0-5);insertionSort;22183
100;Random(0-4000);insertionSort;26861
100;AlmostSorted;insertionSort;2245
100;ReversedSorted;insertionSort;57979
150;Random(0-5);insertionSort;49884
150;Random(0-4000);insertionSort;61223
150;AlmostSorted;insertionSort;4002
150;ReversedSorted;insertionSort;130586
200;Random(0-5);insertionSort;93988
200;Random(0-4000);insertionSort;114096
200;AlmostSorted;insertionSort;6348
200;ReversedSorted;insertionSort;229876
250;Random(0-5);insertionSort;159031
250;Random(0-4000);insertionSort;188984
250;AlmostSorted;insertionSort;8979
250;ReversedSorted;insertionSort;358326
300;Random(0-5);insertionSort;227010
300;Random(0-4000);insertionSort;269508
300;AlmostSorted;insertionSort;12048
300;ReversedSorted;insertionSort;532612
400;Random(0-5);insertionSort;395298
400;Random(0-4000);insertionSort;472055
400;AlmostSorted;insertionSort;27105
400;ReversedSorted;insertionSort;935769
500;Random(0-5);insertionSort;614052
500;Random(0-4000);insertionSort;729261
500;AlmostSorted;insertionSort;40045
500;ReversedSorted;insertionSort;1463152
600;Random(0-5);insertionSort;885112
600;Random(0-4000);insertionSort;1048451
600;AlmostSorted;insertionSort;49905
600;ReversedSorted;insertionSort;2084300
700;Random(0-5);insertionSort;1213554
700;Random(0-4000);insertionSort;1438064
700;AlmostSorted;insertionSort;54246
700;ReversedSorted;insertionSort;2843044
800;Random(0-5);insertionSort;1563145
800;Random(0-4000);insertionSort;1874902
800;AlmostSorted;insertionSort;79717
800;ReversedSorted;insertionSort;3698700
900;Random(0-5);insertionSort;1971576
900;Random(0-4000);insertionSort;2360424
900;AlmostSorted;insertionSort;98579
900;ReversedSorted;insertionSort;4720403
1000;Random(0-5);insertionSort;2477816
1000;Random(0-4000);insertionSort;2885824
1000;AlmostSorted;insertionSort;104887
1000;ReversedSorted;insertionSort;5803021
1100;Random(0-5);insertionSort;2905628
1100;Random(0-4000);insertionSort;3521137
1100;AlmostSorted;insertionSort;106207
1100;ReversedSorted;insertionSort;7020709
1200;Random(0-5);insertionSort;3452875
1200;Random(0-4000);insertionSort;4154807
1200;AlmostSorted;insertionSort;110639
1200;ReversedSorted;insertionSort;8345324
1300;Random(0-5);insertionSort;4065516
1300;Random(0-4000);insertionSort;4938033
1300;AlmostSorted;insertionSort;116427
1300;ReversedSorted;insertionSort;9777880
1400;Random(0-5);insertionSort;4820818
1400;Random(0-4000);insertionSort;5786421
1400;AlmostSorted;insertionSort;125810
1400;ReversedSorted;insertionSort;11368934
1500;Random(0-5);insertionSort;5519363
1500;Random(0-4000);insertionSort;6201355
1500;AlmostSorted;insertionSort;127904
1500;ReversedSorted;insertionSort;13863686
1600;Random(0-5);insertionSort;6214234
1600;Random(0-4000);insertionSort;7452005
1600;AlmostSorted;insertionSort;152999
1600;ReversedSorted;insertionSort;14775436
1700;Random(0-5);insertionSort;6941081
1700;Random(0-4000);insertionSort;8337347
1700;AlmostSorted;insertionSort;177708
1700;ReversedSorted;insertionSort;16784480
1800;Random(0-5);insertionSort;7729395
1800;Random(0-4000);insertionSort;9331479
1800;AlmostSorted;insertionSort;183545
1800;ReversedSorted;insertionSort;18829441
1900;Random(0-5);insertionSort;8747952
1900;Random(0-4000);insertionSort;10498427
1900;AlmostSorted;insertionSort;211412
1900;ReversedSorted;insertionSort;21019221
2000;Random(0-5);insertionSort;9695511
2000;Random(0-4000);insertionSort;11626857
2000;AlmostSorted;insertionSort;235125
2000;ReversedSorted;insertionSort;23189273
2100;Random(0-5);insertionSort;10880471
2100;Random(0-4000);insertionSort;12978808
2100;AlmostSorted;insertionSort;234604
2100;ReversedSorted;insertionSort;25526254
2200;Random(0-5);insertionSort;11767144
2200;Random(0-4000);insertionSort;14089924
2200;AlmostSorted;insertionSort;242457
2200;ReversedSorted;insertionSort;28024347
2300;Random(0-5);insertionSort;13044027
2300;Random(0-4000);insertionSort;15584668
2300;AlmostSorted;insertionSort;246266
2300;ReversedSorted;insertionSort;30548206
2400;Random(0-5);insertionSort;14247284
2400;Random(0-4000);insertionSort;16990093
2400;AlmostSorted;insertionSort;261215
2400;ReversedSorted;insertionSort;33252682
2500;Random(0-5);insertionSort;15292204
2500;Random(0-4000);insertionSort;18261497
2500;AlmostSorted;insertionSort;272995
2500;ReversedSorted;insertionSort;36054924
2600;Random(0-5);insertionSort;16432663
2600;Random(0-4000);insertionSort;19665939
2600;AlmostSorted;insertionSort;297676
2600;ReversedSorted;insertionSort;39065178
2700;Random(0-5);insertionSort;17687746
2700;Random(0-4000);insertionSort;21327981
2700;AlmostSorted;insertionSort;328931
2700;ReversedSorted;insertionSort;42268529
2800;Random(0-5);insertionSort;18994967
2800;Random(0-4000);insertionSort;21913984
2800;AlmostSorted;insertionSort;320464
2800;ReversedSorted;insertionSort;42662029
2900;Random(0-5);insertionSort;19332688
2900;Random(0-4000);insertionSort;23161153
2900;AlmostSorted;insertionSort;330902
2900;ReversedSorted;insertionSort;45728500
3000;Random(0-5);insertionSort;20731542
3000;Random(0-4000);insertionSort;24835766
3000;AlmostSorted;insertionSort;341517
3000;ReversedSorted;insertionSort;48884962
3100;Random(0-5);insertionSort;21981801
3100;Random(0-4000);insertionSort;26373792
3100;AlmostSorted;insertionSort;344195
3100;ReversedSorted;insertionSort;52144765
3200;Random(0-5);insertionSort;23282468
3200;Random(0-4000);insertionSort;27942879
3200;AlmostSorted;insertionSort;350630
3200;ReversedSorted;insertionSort;55587733
3300;Random(0-5);insertionSort;24805972
3300;Random(0-4000);insertionSort;29732305
3300;AlmostSorted;insertionSort;356305
3300;ReversedSorted;insertionSort;59119435
3400;Random(0-5);insertionSort;26556713
3400;Random(0-4000);insertionSort;31712499
3400;AlmostSorted;insertionSort;369633
3400;ReversedSorted;insertionSort;62786026
3500;Random(0-5);insertionSort;28243832
3500;Random(0-4000);insertionSort;33757491
3500;AlmostSorted;insertionSort;384759
3500;ReversedSorted;insertionSort;66572093
3600;Random(0-5);insertionSort;29850657
3600;Random(0-4000);insertionSort;35661735
3600;AlmostSorted;insertionSort;399768
3600;ReversedSorted;insertionSort;70509510
3700;Random(0-5);insertionSort;31585842
3700;Random(0-4000);insertionSort;37812331
3700;AlmostSorted;insertionSort;427998
3700;ReversedSorted;insertionSort;74397086
3800;Random(0-5);insertionSort;34235376
3800;Random(0-4000);insertionSort;42499452
3800;AlmostSorted;insertionSort;475624
3800;ReversedSorted;insertionSort;82713804
3900;Random(0-5);insertionSort;37297951
3900;Random(0-4000);insertionSort;44720275
3900;AlmostSorted;insertionSort;493854
3900;ReversedSorted;insertionSort;88020897
4000;Random(0-5);insertionSort;39277324
4000;Random(0-4000);insertionSort;46961362
4000;AlmostSorted;insertionSort;521047
4000;ReversedSorted;insertionSort;91392746
4100;Random(0-5);insertionSort;38799719
4100;Random(0-4000);insertionSort;46151221
4100;AlmostSorted;insertionSort;4826093
4100;ReversedSorted;insertionSort;93353479
50;Random(0-5);binaryInsertionSort;7821
50;Random(0-4000);binaryInsertionSort;6813
50;AlmostSorted;binaryInsertionSort;1241
50;ReversedSorted;binaryInsertionSort;12463
100;Random(0-5);binaryInsertionSort;27873
100;Random(0-4000);binaryInsertionSort;24118
100;AlmostSorted;binaryInsertionSort;3412
100;ReversedSorted;binaryInsertionSort;47705
150;Random(0-5);binaryInsertionSort;64382
150;Random(0-4000);binaryInsertionSort;53725
150;AlmostSorted;binaryInsertionSort;5447
150;ReversedSorted;binaryInsertionSort;109726
200;Random(0-5);binaryInsertionSort;113464
200;Random(0-4000);binaryInsertionSort;97923
200;AlmostSorted;binaryInsertionSort;8139
200;ReversedSorted;binaryInsertionSort;190383
250;Random(0-5);binaryInsertionSort;192951
250;Random(0-4000);binaryInsertionSort;162335
250;AlmostSorted;binaryInsertionSort;12243
250;ReversedSorted;binaryInsertionSort;295402
300;Random(0-5);binaryInsertionSort;264581
300;Random(0-4000);binaryInsertionSort;227843
300;AlmostSorted;binaryInsertionSort;15355
300;ReversedSorted;binaryInsertionSort;433725
400;Random(0-5);binaryInsertionSort;468364
400;Random(0-4000);binaryInsertionSort;400324
400;AlmostSorted;binaryInsertionSort;28639
400;ReversedSorted;binaryInsertionSort;758687
500;Random(0-5);binaryInsertionSort;717923
500;Random(0-4000);binaryInsertionSort;625802
500;AlmostSorted;binaryInsertionSort;41173
500;ReversedSorted;binaryInsertionSort;1174457
600;Random(0-5);binaryInsertionSort;1018410
600;Random(0-4000);binaryInsertionSort;886941
600;AlmostSorted;binaryInsertionSort;52728
600;ReversedSorted;binaryInsertionSort;1688969
700;Random(0-5);binaryInsertionSort;1384472
700;Random(0-4000);binaryInsertionSort;1201024
700;AlmostSorted;binaryInsertionSort;57482
700;ReversedSorted;binaryInsertionSort;2304188
800;Random(0-5);binaryInsertionSort;1792221
800;Random(0-4000);binaryInsertionSort;1544276
800;AlmostSorted;binaryInsertionSort;78693
800;ReversedSorted;binaryInsertionSort;2984410
900;Random(0-5);binaryInsertionSort;2198597
900;Random(0-4000);binaryInsertionSort;1923034
900;AlmostSorted;binaryInsertionSort;98716
900;ReversedSorted;binaryInsertionSort;3736124
1000;Random(0-5);binaryInsertionSort;2732477
1000;Random(0-4000);binaryInsertionSort;2358551
1000;AlmostSorted;binaryInsertionSort;107581
1000;ReversedSorted;binaryInsertionSort;4666199
1100;Random(0-5);binaryInsertionSort;3273123
1100;Random(0-4000);binaryInsertionSort;2835389
1100;AlmostSorted;binaryInsertionSort;115117
1100;ReversedSorted;binaryInsertionSort;5600161
1200;Random(0-5);binaryInsertionSort;3918032
1200;Random(0-4000);binaryInsertionSort;3397954
1200;AlmostSorted;binaryInsertionSort;117047
1200;ReversedSorted;binaryInsertionSort;6623944
1300;Random(0-5);binaryInsertionSort;4589529
1300;Random(0-4000);binaryInsertionSort;3947212
1300;AlmostSorted;binaryInsertionSort;123119
1300;ReversedSorted;binaryInsertionSort;7836942
1400;Random(0-5);binaryInsertionSort;5373315
1400;Random(0-4000);binaryInsertionSort;4669920
1400;AlmostSorted;binaryInsertionSort;137207
1400;ReversedSorted;binaryInsertionSort;9018423
1500;Random(0-5);binaryInsertionSort;6128140
1500;Random(0-4000);binaryInsertionSort;5326942
1500;AlmostSorted;binaryInsertionSort;143492
1500;ReversedSorted;binaryInsertionSort;10394674
1600;Random(0-5);binaryInsertionSort;6972548
1600;Random(0-4000);binaryInsertionSort;6062592
1600;AlmostSorted;binaryInsertionSort;163211
1600;ReversedSorted;binaryInsertionSort;11851725
1700;Random(0-5);binaryInsertionSort;7772936
1700;Random(0-4000);binaryInsertionSort;6705219
1700;AlmostSorted;binaryInsertionSort;179503
1700;ReversedSorted;binaryInsertionSort;13275473
1800;Random(0-5);binaryInsertionSort;8728300
1800;Random(0-4000);binaryInsertionSort;7550548
1800;AlmostSorted;binaryInsertionSort;188830
1800;ReversedSorted;binaryInsertionSort;14929997
1900;Random(0-5);binaryInsertionSort;9788258
1900;Random(0-4000);binaryInsertionSort;8407222
1900;AlmostSorted;binaryInsertionSort;208024
1900;ReversedSorted;binaryInsertionSort;16388561
2000;Random(0-5);binaryInsertionSort;10868815
2000;Random(0-4000);binaryInsertionSort;9377484
2000;AlmostSorted;binaryInsertionSort;246239
2000;ReversedSorted;binaryInsertionSort;18482996
2100;Random(0-5);binaryInsertionSort;12061202
2100;Random(0-4000);binaryInsertionSort;10473500
2100;AlmostSorted;binaryInsertionSort;245141
2100;ReversedSorted;binaryInsertionSort;20353591
2200;Random(0-5);binaryInsertionSort;16440770
2200;Random(0-4000);binaryInsertionSort;11360097
2200;AlmostSorted;binaryInsertionSort;250199
2200;ReversedSorted;binaryInsertionSort;22587798
2300;Random(0-5);binaryInsertionSort;14549316
2300;Random(0-4000);binaryInsertionSort;12518293
2300;AlmostSorted;binaryInsertionSort;259919
2300;ReversedSorted;binaryInsertionSort;24414873
2400;Random(0-5);binaryInsertionSort;15753467
2400;Random(0-4000);binaryInsertionSort;13721859
2400;AlmostSorted;binaryInsertionSort;280376
2400;ReversedSorted;binaryInsertionSort;26549858
2500;Random(0-5);binaryInsertionSort;17006860
2500;Random(0-4000);binaryInsertionSort;14795918
2500;AlmostSorted;binaryInsertionSort;286216
2500;ReversedSorted;binaryInsertionSort;28679947
2600;Random(0-5);binaryInsertionSort;18357619
2600;Random(0-4000);binaryInsertionSort;15901861
2600;AlmostSorted;binaryInsertionSort;320246
2600;ReversedSorted;binaryInsertionSort;31056462
2700;Random(0-5);binaryInsertionSort;19775179
2700;Random(0-4000);binaryInsertionSort;17087789
2700;AlmostSorted;binaryInsertionSort;328557
2700;ReversedSorted;binaryInsertionSort;33696387
2800;Random(0-5);binaryInsertionSort;21211763
2800;Random(0-4000);binaryInsertionSort;18258011
2800;AlmostSorted;binaryInsertionSort;356703
2800;ReversedSorted;binaryInsertionSort;35983351
2900;Random(0-5);binaryInsertionSort;22893040
2900;Random(0-4000);binaryInsertionSort;19818735
2900;AlmostSorted;binaryInsertionSort;363605
2900;ReversedSorted;binaryInsertionSort;38750355
3000;Random(0-5);binaryInsertionSort;24579410
3000;Random(0-4000);binaryInsertionSort;21228636
3000;AlmostSorted;binaryInsertionSort;370352
3000;ReversedSorted;binaryInsertionSort;41351503
3100;Random(0-5);binaryInsertionSort;26079171
3100;Random(0-4000);binaryInsertionSort;22547836
3100;AlmostSorted;binaryInsertionSort;374930
3100;ReversedSorted;binaryInsertionSort;44199839
3200;Random(0-5);binaryInsertionSort;27879559
3200;Random(0-4000);binaryInsertionSort;22776264
3200;AlmostSorted;binaryInsertionSort;344260
3200;ReversedSorted;binaryInsertionSort;41188727
3300;Random(0-5);binaryInsertionSort;25833629
3300;Random(0-4000);binaryInsertionSort;22314987
3300;AlmostSorted;binaryInsertionSort;352178
3300;ReversedSorted;binaryInsertionSort;43844616
3400;Random(0-5);binaryInsertionSort;27583593
3400;Random(0-4000);binaryInsertionSort;27132306
3400;AlmostSorted;binaryInsertionSort;404477
3400;ReversedSorted;binaryInsertionSort;46755526
3500;Random(0-5);binaryInsertionSort;29347423
3500;Random(0-4000);binaryInsertionSort;25294040
3500;AlmostSorted;binaryInsertionSort;378539
3500;ReversedSorted;binaryInsertionSort;49251279
3600;Random(0-5);binaryInsertionSort;30903592
3600;Random(0-4000);binaryInsertionSort;26706295
3600;AlmostSorted;binaryInsertionSort;389877
3600;ReversedSorted;binaryInsertionSort;52102034
3700;Random(0-5);binaryInsertionSort;32664572
3700;Random(0-4000);binaryInsertionSort;30657802
3700;AlmostSorted;binaryInsertionSort;471508
3700;ReversedSorted;binaryInsertionSort;63132927
3800;Random(0-5);binaryInsertionSort;39380242
3800;Random(0-4000);binaryInsertionSort;33979529
3800;AlmostSorted;binaryInsertionSort;487908
3800;ReversedSorted;binaryInsertionSort;66335413
3900;Random(0-5);binaryInsertionSort;41398935
3900;Random(0-4000);binaryInsertionSort;35737499
3900;AlmostSorted;binaryInsertionSort;499575
3900;ReversedSorted;binaryInsertionSort;69918672
4000;Random(0-5);binaryInsertionSort;43496821
4000;Random(0-4000);binaryInsertionSort;37680059
4000;AlmostSorted;binaryInsertionSort;533811
4000;ReversedSorted;binaryInsertionSort;73414732
4100;Random(0-5);binaryInsertionSort;45629664
4100;Random(0-4000);binaryInsertionSort;39332061
4100;AlmostSorted;binaryInsertionSort;4240488
4100;ReversedSorted;binaryInsertionSort;68571272
50;Random(0-5);stableCountingSort;23430
50;Random(0-4000);stableCountingSort;23370
50;AlmostSorted;stableCountingSort;23382
50;ReversedSorted;stableCountingSort;23666
100;Random(0-5);stableCountingSort;24209
100;Random(0-4000);stableCountingSort;24094
100;AlmostSorted;stableCountingSort;24486
100;ReversedSorted;stableCountingSort;24219
150;Random(0-5);stableCountingSort;24866
150;Random(0-4000);stableCountingSort;24907
150;AlmostSorted;stableCountingSort;25053
150;ReversedSorted;stableCountingSort;24737
200;Random(0-5);stableCountingSort;25752
200;Random(0-4000);stableCountingSort;25478
200;AlmostSorted;stableCountingSort;25635
200;ReversedSorted;stableCountingSort;25380
250;Random(0-5);stableCountingSort;26287
250;Random(0-4000);stableCountingSort;26801
250;AlmostSorted;stableCountingSort;26083
250;ReversedSorted;stableCountingSort;26340
300;Random(0-5);stableCountingSort;26833
300;Random(0-4000);stableCountingSort;26813
300;AlmostSorted;stableCountingSort;27669
300;ReversedSorted;stableCountingSort;26830
400;Random(0-5);stableCountingSort;28230
400;Random(0-4000);stableCountingSort;28406
400;AlmostSorted;stableCountingSort;28487
400;ReversedSorted;stableCountingSort;28353
500;Random(0-5);stableCountingSort;29742
500;Random(0-4000);stableCountingSort;29799
500;AlmostSorted;stableCountingSort;29750
500;ReversedSorted;stableCountingSort;30054
600;Random(0-5);stableCountingSort;30969
600;Random(0-4000);stableCountingSort;31382
600;AlmostSorted;stableCountingSort;31904
600;ReversedSorted;stableCountingSort;31244
700;Random(0-5);stableCountingSort;32326
700;Random(0-4000);stableCountingSort;32211
700;AlmostSorted;stableCountingSort;33451
700;ReversedSorted;stableCountingSort;32381
800;Random(0-5);stableCountingSort;33818
800;Random(0-4000);stableCountingSort;33688
800;AlmostSorted;stableCountingSort;33892
800;ReversedSorted;stableCountingSort;33587
900;Random(0-5);stableCountingSort;35501
900;Random(0-4000);stableCountingSort;35072
900;AlmostSorted;stableCountingSort;35406
900;ReversedSorted;stableCountingSort;35231
1000;Random(0-5);stableCountingSort;36401
1000;Random(0-4000);stableCountingSort;36501
1000;AlmostSorted;stableCountingSort;36856
1000;ReversedSorted;stableCountingSort;36606
1100;Random(0-5);stableCountingSort;37437
1100;Random(0-4000);stableCountingSort;37761
1100;AlmostSorted;stableCountingSort;38381
1100;ReversedSorted;stableCountingSort;37817
1200;Random(0-5);stableCountingSort;39175
1200;Random(0-4000);stableCountingSort;38831
1200;AlmostSorted;stableCountingSort;39620
1200;ReversedSorted;stableCountingSort;39182
1300;Random(0-5);stableCountingSort;40530
1300;Random(0-4000);stableCountingSort;40507
1300;AlmostSorted;stableCountingSort;41824
1300;ReversedSorted;stableCountingSort;40471
1400;Random(0-5);stableCountingSort;42254
1400;Random(0-4000);stableCountingSort;41985
1400;AlmostSorted;stableCountingSort;42190
1400;ReversedSorted;stableCountingSort;41836
1500;Random(0-5);stableCountingSort;43329
1500;Random(0-4000);stableCountingSort;43155
1500;AlmostSorted;stableCountingSort;44499
1500;ReversedSorted;stableCountingSort;43232
1600;Random(0-5);stableCountingSort;44610
1600;Random(0-4000);stableCountingSort;44542
1600;AlmostSorted;stableCountingSort;44659
1600;ReversedSorted;stableCountingSort;44742
1700;Random(0-5);stableCountingSort;46074
1700;Random(0-4000);stableCountingSort;46068
1700;AlmostSorted;stableCountingSort;46084
1700;ReversedSorted;stableCountingSort;46029
1800;Random(0-5);stableCountingSort;47223
1800;Random(0-4000);stableCountingSort;47488
1800;AlmostSorted;stableCountingSort;47949
1800;ReversedSorted;stableCountingSort;47178
1900;Random(0-5);stableCountingSort;48549
1900;Random(0-4000);stableCountingSort;48668
1900;AlmostSorted;stableCountingSort;48733
1900;ReversedSorted;stableCountingSort;49136
2000;Random(0-5);stableCountingSort;49995
2000;Random(0-4000);stableCountingSort;50338
2000;AlmostSorted;stableCountingSort;50333
2000;ReversedSorted;stableCountingSort;50330
2100;Random(0-5);stableCountingSort;51726
2100;Random(0-4000);stableCountingSort;51794
2100;AlmostSorted;stableCountingSort;52853
2100;ReversedSorted;stableCountingSort;51783
2200;Random(0-5);stableCountingSort;53491
2200;Random(0-4000);stableCountingSort;53359
2200;AlmostSorted;stableCountingSort;53669
2200;ReversedSorted;stableCountingSort;53198
2300;Random(0-5);stableCountingSort;54628
2300;Random(0-4000);stableCountingSort;54809
2300;AlmostSorted;stableCountingSort;57647
2300;ReversedSorted;stableCountingSort;54214
2400;Random(0-5);stableCountingSort;55614
2400;Random(0-4000);stableCountingSort;55744
2400;AlmostSorted;stableCountingSort;55840
2400;ReversedSorted;stableCountingSort;56015
2500;Random(0-5);stableCountingSort;56969
2500;Random(0-4000);stableCountingSort;57079
2500;AlmostSorted;stableCountingSort;59273
2500;ReversedSorted;stableCountingSort;56855
2600;Random(0-5);stableCountingSort;58699
2600;Random(0-4000);stableCountingSort;58254
2600;AlmostSorted;stableCountingSort;59415
2600;ReversedSorted;stableCountingSort;58331
2700;Random(0-5);stableCountingSort;59638
2700;Random(0-4000);stableCountingSort;59845
2700;AlmostSorted;stableCountingSort;60718
2700;ReversedSorted;stableCountingSort;59663
2800;Random(0-5);stableCountingSort;61036
2800;Random(0-4000);stableCountingSort;61259
2800;AlmostSorted;stableCountingSort;64685
2800;ReversedSorted;stableCountingSort;61237
2900;Random(0-5);stableCountingSort;62303
2900;Random(0-4000);stableCountingSort;62705
2900;AlmostSorted;stableCountingSort;64185
2900;ReversedSorted;stableCountingSort;62526
3000;Random(0-5);stableCountingSort;63566
3000;Random(0-4000);stableCountingSort;63856
3000;AlmostSorted;stableCountingSort;64535
3000;ReversedSorted;stableCountingSort;63556
3100;Random(0-5);stableCountingSort;65029
3100;Random(0-4000);stableCountingSort;65232
3100;AlmostSorted;stableCountingSort;66612
3100;ReversedSorted;stableCountingSort;65425
3200;Random(0-5);stableCountingSort;66449
3200;Random(0-4000);stableCountingSort;67154
3200;AlmostSorted;stableCountingSort;68004
3200;ReversedSorted;stableCountingSort;66544
3300;Random(0-5);stableCountingSort;67913
3300;Random(0-4000);stableCountingSort;68290
3300;AlmostSorted;stableCountingSort;68908
3300;ReversedSorted;stableCountingSort;67976
3400;Random(0-5);stableCountingSort;69292
3400;Random(0-4000);stableCountingSort;71767
3400;AlmostSorted;stableCountingSort;74125
3400;ReversedSorted;stableCountingSort;69189
3500;Random(0-5);stableCountingSort;70763
3500;Random(0-4000);stableCountingSort;70783
3500;AlmostSorted;stableCountingSort;72766
3500;ReversedSorted;stableCountingSort;70584
3600;Random(0-5);stableCountingSort;72382
3600;Random(0-4000);stableCountingSort;71895
3600;AlmostSorted;stableCountingSort;74149
3600;ReversedSorted;stableCountingSort;71864
3700;Random(0-5);stableCountingSort;74046
3700;Random(0-4000);stableCountingSort;73853
3700;AlmostSorted;stableCountingSort;77557
3700;ReversedSorted;stableCountingSort;73421
3800;Random(0-5);stableCountingSort;75212
3800;Random(0-4000);stableCountingSort;75148
3800;AlmostSorted;stableCountingSort;76903
3800;ReversedSorted;stableCountingSort;75202
3900;Random(0-5);stableCountingSort;76389
3900;Random(0-4000);stableCountingSort;76551
3900;AlmostSorted;stableCountingSort;77674
3900;ReversedSorted;stableCountingSort;76367
4000;Random(0-5);stableCountingSort;77701
4000;Random(0-4000);stableCountingSort;78243
4000;AlmostSorted;stableCountingSort;79452
4000;ReversedSorted;stableCountingSort;77778
4100;Random(0-5);stableCountingSort;79363
4100;Random(0-4000);stableCountingSort;79403
4100;AlmostSorted;stableCountingSort;86147
4100;ReversedSorted;stableCountingSort;79718
50;Random(0-5);radixSort;10403
50;Random(0-4000);radixSort;10393
50;AlmostSorted;radixSort;10442
50;ReversedSorted;radixSort;10507
100;Random(0-5);radixSort;13264
100;Random(0-4000);radixSort;13254
100;AlmostSorted;radixSort;13372
100;ReversedSorted;radixSort;13273
150;Random(0-5);radixSort;16065
150;Random(0-4000);radixSort;16153
150;AlmostSorted;radixSort;16020
150;ReversedSorted;radixSort;16189
200;Random(0-5);radixSort;18944
200;Random(0-4000);radixSort;19035
200;AlmostSorted;radixSort;19273
200;ReversedSorted;radixSort;18911
250;Random(0-5);radixSort;22006
250;Random(0-4000);radixSort;22624
250;AlmostSorted;radixSort;21609
250;ReversedSorted;radixSort;22122
300;Random(0-5);radixSort;26366
300;Random(0-4000);radixSort;24661
300;AlmostSorted;radixSort;25241
300;ReversedSorted;radixSort;25065
400;Random(0-5);radixSort;30185
400;Random(0-4000);radixSort;30883
400;AlmostSorted;radixSort;30378
400;ReversedSorted;radixSort;30218
500;Random(0-5);radixSort;35793
500;Random(0-4000);radixSort;36152
500;AlmostSorted;radixSort;35912
500;ReversedSorted;radixSort;36115
600;Random(0-5);radixSort;41552
600;Random(0-4000);radixSort;41383
600;AlmostSorted;radixSort;41510
600;ReversedSorted;radixSort;41518
700;Random(0-5);radixSort;49289
700;Random(0-4000);radixSort;48758
700;AlmostSorted;radixSort;47629
700;ReversedSorted;radixSort;47143
800;Random(0-5);radixSort;52972
800;Random(0-4000);radixSort;54278
800;AlmostSorted;radixSort;52776
800;ReversedSorted;radixSort;52805
900;Random(0-5);radixSort;59348
900;Random(0-4000);radixSort;60223
900;AlmostSorted;radixSort;58513
900;ReversedSorted;radixSort;59840
1000;Random(0-5);radixSort;63991
1000;Random(0-4000);radixSort;64232
1000;AlmostSorted;radixSort;63990
1000;ReversedSorted;radixSort;64182
1100;Random(0-5);radixSort;69642
1100;Random(0-4000);radixSort;69805
1100;AlmostSorted;radixSort;69631
1100;ReversedSorted;radixSort;69798
1200;Random(0-5);radixSort;76349
1200;Random(0-4000);radixSort;75137
1200;AlmostSorted;radixSort;75537
1200;ReversedSorted;radixSort;75430
1300;Random(0-5);radixSort;80914
1300;Random(0-4000);radixSort;81149
1300;AlmostSorted;radixSort;83417
1300;ReversedSorted;radixSort;80753
1400;Random(0-5);radixSort;88359
1400;Random(0-4000);radixSort;86615
1400;AlmostSorted;radixSort;86813
1400;ReversedSorted;radixSort;86608
1500;Random(0-5);radixSort;92301
1500;Random(0-4000);radixSort;92376
1500;AlmostSorted;radixSort;92574
1500;ReversedSorted;radixSort;92570
1600;Random(0-5);radixSort;98384
1600;Random(0-4000);radixSort;98165
1600;AlmostSorted;radixSort;99563
1600;ReversedSorted;radixSort;98041
1700;Random(0-5);radixSort;103616
1700;Random(0-4000);radixSort;103959
1700;AlmostSorted;radixSort;103561
1700;ReversedSorted;radixSort;104632
1800;Random(0-5);radixSort;110340
1800;Random(0-4000);radixSort;109403
1800;AlmostSorted;radixSort;109393
1800;ReversedSorted;radixSort;109110
1900;Random(0-5);radixSort;115163
1900;Random(0-4000);radixSort;115007
1900;AlmostSorted;radixSort;114643
1900;ReversedSorted;radixSort;114828
2000;Random(0-5);radixSort;120083
2000;Random(0-4000);radixSort;122037
2000;AlmostSorted;radixSort;120751
2000;ReversedSorted;radixSort;120400
2100;Random(0-5);radixSort;126088
2100;Random(0-4000);radixSort;126222
2100;AlmostSorted;radixSort;126309
2100;ReversedSorted;radixSort;126370
2200;Random(0-5);radixSort;131775
2200;Random(0-4000);radixSort;131828
2200;AlmostSorted;radixSort;132554
2200;ReversedSorted;radixSort;134153
2300;Random(0-5);radixSort;137039
2300;Random(0-4000);radixSort;137861
2300;AlmostSorted;radixSort;137695
2300;ReversedSorted;radixSort;137471
2400;Random(0-5);radixSort;142762
2400;Random(0-4000);radixSort;142939
2400;AlmostSorted;radixSort;143133
2400;ReversedSorted;radixSort;144567
2500;Random(0-5);radixSort;148110
2500;Random(0-4000);radixSort;148367
2500;AlmostSorted;radixSort;149047
2500;ReversedSorted;radixSort;148982
2600;Random(0-5);radixSort;155005
2600;Random(0-4000);radixSort;154093
2600;AlmostSorted;radixSort;154536
2600;ReversedSorted;radixSort;154516
2700;Random(0-5);radixSort;160034
2700;Random(0-4000);radixSort;160400
2700;AlmostSorted;radixSort;160462
2700;ReversedSorted;radixSort;159714
2800;Random(0-5);radixSort;165499
2800;Random(0-4000);radixSort;166733
2800;AlmostSorted;radixSort;166500
2800;ReversedSorted;radixSort;165926
2900;Random(0-5);radixSort;171933
2900;Random(0-4000);radixSort;171481
2900;AlmostSorted;radixSort;171684
2900;ReversedSorted;radixSort;172574
3000;Random(0-5);radixSort;177672
3000;Random(0-4000);radixSort;176811
3000;AlmostSorted;radixSort;178362
3000;ReversedSorted;radixSort;176538
3100;Random(0-5);radixSort;182587
3100;Random(0-4000);radixSort;182657
3100;AlmostSorted;radixSort;182590
3100;ReversedSorted;radixSort;184921
3200;Random(0-5);radixSort;189761
3200;Random(0-4000);radixSort;188240
3200;AlmostSorted;radixSort;189323
3200;ReversedSorted;radixSort;188617
3300;Random(0-5);radixSort;194620
3300;Random(0-4000);radixSort;194685
3300;AlmostSorted;radixSort;194463
3300;ReversedSorted;radixSort;194416
3400;Random(0-5);radixSort;199708
3400;Random(0-4000);radixSort;201152
3400;AlmostSorted;radixSort;199690
3400;ReversedSorted;radixSort;199760
3500;Random(0-5);radixSort;204779
3500;Random(0-4000);radixSort;205048
3500;AlmostSorted;radixSort;205126
3500;ReversedSorted;radixSort;205296
3600;Random(0-5);radixSort;210329
3600;Random(0-4000);radixSort;211111
3600;AlmostSorted;radixSort;210411
3600;ReversedSorted;radixSort;210939
3700;Random(0-5);radixSort;216554
3700;Random(0-4000);radixSort;217388
3700;AlmostSorted;radixSort;216770
3700;ReversedSorted;radixSort;216927
3800;Random(0-5);radixSort;222083
3800;Random(0-4000);radixSort;222260
3800;AlmostSorted;radixSort;222836
3800;ReversedSorted;radixSort;221802
3900;Random(0-5);radixSort;228087
3900;Random(0-4000);radixSort;227261
3900;AlmostSorted;radixSort;227855
3900;ReversedSorted;radixSort;227741
4000;Random(0-5);radixSort;234007
4000;Random(0-4000);radixSort;233556
4000;AlmostSorted;radixSort;233260
4000;ReversedSorted;radixSort;235739
4100;Random(0-5);radixSort;239535
4100;Random(0-4000);radixSort;238718
4100;AlmostSorted;radixSort;238551
4100;ReversedSorted;radixSort;239494
50;Random(0-5);mergeSort;3229
50;Random(0-4000);mergeSort;3247
50;AlmostSorted;mergeSort;3526
50;ReversedSorted;mergeSort;3388
100;Random(0-5);mergeSort;7521
100;Random(0-4000);mergeSort;7804
100;AlmostSorted;mergeSort;7060
100;ReversedSorted;mergeSort;6757
150;Random(0-5);mergeSort;11858
150;Random(0-4000);mergeSort;12167
150;AlmostSorted;mergeSort;10839
150;ReversedSorted;mergeSort;10500
200;Random(0-5);mergeSort;17266
200;Random(0-4000);mergeSort;18064
200;AlmostSorted;mergeSort;15961
200;ReversedSorted;mergeSort;15002
250;Random(0-5);mergeSort;22234
250;Random(0-4000);mergeSort;23325
250;AlmostSorted;mergeSort;20429
250;ReversedSorted;mergeSort;18612
300;Random(0-5);mergeSort;27685
300;Random(0-4000);mergeSort;29198
300;AlmostSorted;mergeSort;25085
300;ReversedSorted;mergeSort;24165
400;Random(0-5);mergeSort;38162
400;Random(0-4000);mergeSort;44608
400;AlmostSorted;mergeSort;35143
400;ReversedSorted;mergeSort;32437
500;Random(0-5);mergeSort;51908
500;Random(0-4000);mergeSort;58638
500;AlmostSorted;mergeSort;45079
500;ReversedSorted;mergeSort;41441
600;Random(0-5);mergeSort;65438
600;Random(0-4000);mergeSort;76080
600;AlmostSorted;mergeSort;55278
600;ReversedSorted;mergeSort;51687
700;Random(0-5);mergeSort;77950
700;Random(0-4000);mergeSort;94579
700;AlmostSorted;mergeSort;66381
700;ReversedSorted;mergeSort;60724
800;Random(0-5);mergeSort;89469
800;Random(0-4000);mergeSort;111741
800;AlmostSorted;mergeSort;76266
800;ReversedSorted;mergeSort;71470
900;Random(0-5);mergeSort;102242
900;Random(0-4000);mergeSort;127701
900;AlmostSorted;mergeSort;86264
900;ReversedSorted;mergeSort;81153
1000;Random(0-5);mergeSort;118311
1000;Random(0-4000);mergeSort;145998
1000;AlmostSorted;mergeSort;97956
1000;ReversedSorted;mergeSort;92232
1100;Random(0-5);mergeSort;132555
1100;Random(0-4000);mergeSort;165202
1100;AlmostSorted;mergeSort;108531
1100;ReversedSorted;mergeSort;102658
1200;Random(0-5);mergeSort;145357
1200;Random(0-4000);mergeSort;181978
1200;AlmostSorted;mergeSort;118855
1200;ReversedSorted;mergeSort;111579
1300;Random(0-5);mergeSort;157203
1300;Random(0-4000);mergeSort;199800
1300;AlmostSorted;mergeSort;129310
1300;ReversedSorted;mergeSort;123188
1400;Random(0-5);mergeSort;174394
1400;Random(0-4000);mergeSort;215791
1400;AlmostSorted;mergeSort;140768
1400;ReversedSorted;mergeSort;132596
1500;Random(0-5);mergeSort;184967
1500;Random(0-4000);mergeSort;235292
1500;AlmostSorted;mergeSort;151584
1500;ReversedSorted;mergeSort;143407
1600;Random(0-5);mergeSort;201417
1600;Random(0-4000);mergeSort;254583
1600;AlmostSorted;mergeSort;163468
1600;ReversedSorted;mergeSort;155348
1700;Random(0-5);mergeSort;217553
1700;Random(0-4000);mergeSort;273755
1700;AlmostSorted;mergeSort;177140
1700;ReversedSorted;mergeSort;165475
1800;Random(0-5);mergeSort;228692
1800;Random(0-4000);mergeSort;290648
1800;AlmostSorted;mergeSort;185086
1800;ReversedSorted;mergeSort;175433
1900;Random(0-5);mergeSort;242833
1900;Random(0-4000);mergeSort;309305
1900;AlmostSorted;mergeSort;196932
1900;ReversedSorted;mergeSort;184937
2000;Random(0-5);mergeSort;261911
2000;Random(0-4000);mergeSort;336968
2000;AlmostSorted;mergeSort;208167
2000;ReversedSorted;mergeSort;196432
2100;Random(0-5);mergeSort;275455
2100;Random(0-4000);mergeSort;355026
2100;AlmostSorted;mergeSort;221509
2100;ReversedSorted;mergeSort;206169
2200;Random(0-5);mergeSort;289602
2200;Random(0-4000);mergeSort;369077
2200;AlmostSorted;mergeSort;231329
2200;ReversedSorted;mergeSort;218614
2300;Random(0-5);mergeSort;302485
2300;Random(0-4000);mergeSort;385406
2300;AlmostSorted;mergeSort;241847
2300;ReversedSorted;mergeSort;227488
2400;Random(0-5);mergeSort;323902
2400;Random(0-4000);mergeSort;408129
2400;AlmostSorted;mergeSort;255189
2400;ReversedSorted;mergeSort;240722
2500;Random(0-5);mergeSort;332423
2500;Random(0-4000);mergeSort;426548
2500;AlmostSorted;mergeSort;269012
2500;ReversedSorted;mergeSort;252206
2600;Random(0-5);mergeSort;347164
2600;Random(0-4000);mergeSort;445377
2600;AlmostSorted;mergeSort;280002
2600;ReversedSorted;mergeSort;261604
2700;Random(0-5);mergeSort;364030
2700;Random(0-4000);mergeSort;467459
2700;AlmostSorted;mergeSort;289442
2700;ReversedSorted;mergeSort;275088
2800;Random(0-5);mergeSort;378016
2800;Random(0-4000);mergeSort;485079
2800;AlmostSorted;mergeSort;305896
2800;ReversedSorted;mergeSort;285063
2900;Random(0-5);mergeSort;392228
2900;Random(0-4000);mergeSort;503709
2900;AlmostSorted;mergeSort;314818
2900;ReversedSorted;mergeSort;297142
3000;Random(0-5);mergeSort;405418
3000;Random(0-4000);mergeSort;525580
3000;AlmostSorted;mergeSort;324651
3000;ReversedSorted;mergeSort;308872
3100;Random(0-5);mergeSort;423379
3100;Random(0-4000);mergeSort;545110
3100;AlmostSorted;mergeSort;338548
3100;ReversedSorted;mergeSort;319626
3200;Random(0-5);mergeSort;440727
3200;Random(0-4000);mergeSort;566951
3200;AlmostSorted;mergeSort;352059
3200;ReversedSorted;mergeSort;331749
3300;Random(0-5);mergeSort;456081
3300;Random(0-4000);mergeSort;587705
3300;AlmostSorted;mergeSort;363754
3300;ReversedSorted;mergeSort;340503
3400;Random(0-5);mergeSort;470573
3400;Random(0-4000);mergeSort;608002
3400;AlmostSorted;mergeSort;375802
3400;ReversedSorted;mergeSort;357812
3500;Random(0-5);mergeSort;483324
3500;Random(0-4000);mergeSort;628846
3500;AlmostSorted;mergeSort;388610
3500;ReversedSorted;mergeSort;366293
3600;Random(0-5);mergeSort;497295
3600;Random(0-4000);mergeSort;646761
3600;AlmostSorted;mergeSort;400145
3600;ReversedSorted;mergeSort;376804
3700;Random(0-5);mergeSort;514532
3700;Random(0-4000);mergeSort;666763
3700;AlmostSorted;mergeSort;412296
3700;ReversedSorted;mergeSort;385346
3800;Random(0-5);mergeSort;530105
3800;Random(0-4000);mergeSort;689595
3800;AlmostSorted;mergeSort;423987
3800;ReversedSorted;mergeSort;400096
3900;Random(0-5);mergeSort;546042
3900;Random(0-4000);mergeSort;709062
3900;AlmostSorted;mergeSort;438258
3900;ReversedSorted;mergeSort;411776
4000;Random(0-5);mergeSort;559924
4000;Random(0-4000);mergeSort;726699
4000;AlmostSorted;mergeSort;449401
4000;ReversedSorted;mergeSort;423173
4100;Random(0-5);mergeSort;568505
4100;Random(0-4000);mergeSort;744533
4100;AlmostSorted;mergeSort;463300
4100;ReversedSorted;mergeSort;431423
50;Random(0-5);quickSort;1804
50;Random(0-4000);quickSort;1689
50;AlmostSorted;quickSort;3592
50;ReversedSorted;quickSort;3754
100;Random(0-5);quickSort;4080
100;Random(0-4000);quickSort;4009
100;AlmostSorted;quickSort;9321
100;ReversedSorted;quickSort;13401
150;Random(0-5);quickSort;6733
150;Random(0-4000);quickSort;7042
150;AlmostSorted;quickSort;16272
150;ReversedSorted;quickSort;27203
200;Random(0-5);quickSort;10084
200;Random(0-4000);quickSort;10347
200;AlmostSorted;quickSort;26418
200;ReversedSorted;quickSort;47124
250;Random(0-5);quickSort;12901
250;Random(0-4000);quickSort;13094
250;AlmostSorted;quickSort;36254
250;ReversedSorted;quickSort;71898
300;Random(0-5);quickSort;16590
300;Random(0-4000);quickSort;18277
300;AlmostSorted;quickSort;47534
300;ReversedSorted;quickSort;100186
400;Random(0-5);quickSort;23196
400;Random(0-4000);quickSort;27457
400;AlmostSorted;quickSort;72038
400;ReversedSorted;quickSort;175395
500;Random(0-5);quickSort;29299
500;Random(0-4000);quickSort;35685
500;AlmostSorted;quickSort;95391
500;ReversedSorted;quickSort;267302
600;Random(0-5);quickSort;37273
600;Random(0-4000);quickSort;46565
600;AlmostSorted;quickSort;111898
600;ReversedSorted;quickSort;380303
700;Random(0-5);quickSort;44780
700;Random(0-4000);quickSort;54180
700;AlmostSorted;quickSort;167269
700;ReversedSorted;quickSort;514658
800;Random(0-5);quickSort;51416
800;Random(0-4000);quickSort;68638
800;AlmostSorted;quickSort;136687
800;ReversedSorted;quickSort;667076
900;Random(0-5);quickSort;59934
900;Random(0-4000);quickSort;81497
900;AlmostSorted;quickSort;191263
900;ReversedSorted;quickSort;841837
1000;Random(0-5);quickSort;69658
1000;Random(0-4000);quickSort;91385
1000;AlmostSorted;quickSort;230101
1000;ReversedSorted;quickSort;1038509
1100;Random(0-5);quickSort;76332
1100;Random(0-4000);quickSort;98261
1100;AlmostSorted;quickSort;249629
1100;ReversedSorted;quickSort;1252594
1200;Random(0-5);quickSort;82881
1200;Random(0-4000);quickSort;125114
1200;AlmostSorted;quickSort;271170
1200;ReversedSorted;quickSort;1481727
1300;Random(0-5);quickSort;93623
1300;Random(0-4000);quickSort;129093
1300;AlmostSorted;quickSort;302002
1300;ReversedSorted;quickSort;1744924
1400;Random(0-5);quickSort;103288
1400;Random(0-4000);quickSort;144220
1400;AlmostSorted;quickSort;336062
1400;ReversedSorted;quickSort;2008838
1500;Random(0-5);quickSort;112223
1500;Random(0-4000);quickSort;162130
1500;AlmostSorted;quickSort;368668
1500;ReversedSorted;quickSort;2300069
1600;Random(0-5);quickSort;119837
1600;Random(0-4000);quickSort;172701
1600;AlmostSorted;quickSort;371827
1600;ReversedSorted;quickSort;2618390
1700;Random(0-5);quickSort;133672
1700;Random(0-4000);quickSort;185655
1700;AlmostSorted;quickSort;415145
1700;ReversedSorted;quickSort;2985965
1800;Random(0-5);quickSort;135974
1800;Random(0-4000);quickSort;207905
1800;AlmostSorted;quickSort;484260
1800;ReversedSorted;quickSort;3302812
1900;Random(0-5);quickSort;151352
1900;Random(0-4000);quickSort;215185
1900;AlmostSorted;quickSort;447218
1900;ReversedSorted;quickSort;3680420
2000;Random(0-5);quickSort;151886
2000;Random(0-4000);quickSort;232102
2000;AlmostSorted;quickSort;481939
2000;ReversedSorted;quickSort;4073057
2100;Random(0-5);quickSort;168606
2100;Random(0-4000);quickSort;234725
2100;AlmostSorted;quickSort;503467
2100;ReversedSorted;quickSort;4485257
2200;Random(0-5);quickSort;174776
2200;Random(0-4000);quickSort;269962
2200;AlmostSorted;quickSort;536478
2200;ReversedSorted;quickSort;4924517
2300;Random(0-5);quickSort;179819
2300;Random(0-4000);quickSort;279635
2300;AlmostSorted;quickSort;571511
2300;ReversedSorted;quickSort;5377081
2400;Random(0-5);quickSort;192688
2400;Random(0-4000);quickSort;298043
2400;AlmostSorted;quickSort;624979
2400;ReversedSorted;quickSort;5851206
2500;Random(0-5);quickSort;201986
2500;Random(0-4000);quickSort;311592
2500;AlmostSorted;quickSort;621215
2500;ReversedSorted;quickSort;6347260
2600;Random(0-5);quickSort;209272
2600;Random(0-4000);quickSort;324519
2600;AlmostSorted;quickSort;653557
2600;ReversedSorted;quickSort;6854986
2700;Random(0-5);quickSort;223746
2700;Random(0-4000);quickSort;328145
2700;AlmostSorted;quickSort;672994
2700;ReversedSorted;quickSort;7401397
2800;Random(0-5);quickSort;230259
2800;Random(0-4000);quickSort;355850
2800;AlmostSorted;quickSort;702130
2800;ReversedSorted;quickSort;7973729
2900;Random(0-5);quickSort;244045
2900;Random(0-4000);quickSort;369440
2900;AlmostSorted;quickSort;742586
2900;ReversedSorted;quickSort;8514448
3000;Random(0-5);quickSort;252582
3000;Random(0-4000);quickSort;378647
3000;AlmostSorted;quickSort;768754
3000;ReversedSorted;quickSort;9124632
3100;Random(0-5);quickSort;256080
3100;Random(0-4000);quickSort;391636
3100;AlmostSorted;quickSort;809021
3100;ReversedSorted;quickSort;9721315
3200;Random(0-5);quickSort;269752
3200;Random(0-4000);quickSort;394825
3200;AlmostSorted;quickSort;853277
3200;ReversedSorted;quickSort;10340350
3300;Random(0-5);quickSort;277541
3300;Random(0-4000);quickSort;432752
3300;AlmostSorted;quickSort;900880
3300;ReversedSorted;quickSort;11014613
3400;Random(0-5);quickSort;290312
3400;Random(0-4000);quickSort;427491
3400;AlmostSorted;quickSort;938958
3400;ReversedSorted;quickSort;11673644
3500;Random(0-5);quickSort;296287
3500;Random(0-4000);quickSort;452852
3500;AlmostSorted;quickSort;988603
3500;ReversedSorted;quickSort;12422945
3600;Random(0-5);quickSort;303866
3600;Random(0-4000);quickSort;465347
3600;AlmostSorted;quickSort;1034067
3600;ReversedSorted;quickSort;13069677
3700;Random(0-5);quickSort;325609
3700;Random(0-4000);quickSort;480214
3700;AlmostSorted;quickSort;1077312
3700;ReversedSorted;quickSort;14031073
3800;Random(0-5);quickSort;328787
3800;Random(0-4000);quickSort;487421
3800;AlmostSorted;quickSort;1108588
3800;ReversedSorted;quickSort;14959370
3900;Random(0-5);quickSort;346903
3900;Random(0-4000);quickSort;515959
3900;AlmostSorted;quickSort;1163057
3900;ReversedSorted;quickSort;15572741
4000;Random(0-5);quickSort;359914
4000;Random(0-4000);quickSort;525071
4000;AlmostSorted;quickSort;1224954
4000;ReversedSorted;quickSort;16955544
4100;Random(0-5);quickSort;371797
4100;Random(0-4000);quickSort;550046
4100;AlmostSorted;quickSort;617820
4100;ReversedSorted;quickSort;17096367
50;Random(0-5);heapSort;3274
50;Random(0-4000);heapSort;3767
50;AlmostSorted;heapSort;4346
50;ReversedSorted;heapSort;3477
100;Random(0-5);heapSort;9516
100;Random(0-4000);heapSort;10113
100;AlmostSorted;heapSort;10821
100;ReversedSorted;heapSort;8271
150;Random(0-5);heapSort;15009
150;Random(0-4000);heapSort;17904
150;AlmostSorted;heapSort;19885
150;ReversedSorted;heapSort;16620
200;Random(0-5);heapSort;22715
200;Random(0-4000);heapSort;27202
200;AlmostSorted;heapSort;28751
200;ReversedSorted;heapSort;22743
250;Random(0-5);heapSort;30146
250;Random(0-4000);heapSort;39217
250;AlmostSorted;heapSort;39082
250;ReversedSorted;heapSort;32243
300;Random(0-5);heapSort;36402
300;Random(0-4000);heapSort;44809
300;AlmostSorted;heapSort;46605
300;ReversedSorted;heapSort;40090
400;Random(0-5);heapSort;59466
400;Random(0-4000);heapSort;69092
400;AlmostSorted;heapSort;70516
400;ReversedSorted;heapSort;58653
500;Random(0-5);heapSort;80320
500;Random(0-4000);heapSort;90518
500;AlmostSorted;heapSort;92601
500;ReversedSorted;heapSort;81451
600;Random(0-5);heapSort;101151
600;Random(0-4000);heapSort;118809
600;AlmostSorted;heapSort;124931
600;ReversedSorted;heapSort;101006
700;Random(0-5);heapSort;113432
700;Random(0-4000);heapSort;143537
700;AlmostSorted;heapSort;142312
700;ReversedSorted;heapSort;134155
800;Random(0-5);heapSort;139127
800;Random(0-4000);heapSort;160626
800;AlmostSorted;heapSort;178219
800;ReversedSorted;heapSort;156420
900;Random(0-5);heapSort;159335
900;Random(0-4000);heapSort;188301
900;AlmostSorted;heapSort;189960
900;ReversedSorted;heapSort;176533
1000;Random(0-5);heapSort;183047
1000;Random(0-4000);heapSort;218914
1000;AlmostSorted;heapSort;226412
1000;ReversedSorted;heapSort;185846
1100;Random(0-5);heapSort;208187
1100;Random(0-4000);heapSort;243464
1100;AlmostSorted;heapSort;245764
1100;ReversedSorted;heapSort;219448
1200;Random(0-5);heapSort;222136
1200;Random(0-4000);heapSort;271572
1200;AlmostSorted;heapSort;271207
1200;ReversedSorted;heapSort;247792
1300;Random(0-5);heapSort;250093
1300;Random(0-4000);heapSort;295596
1300;AlmostSorted;heapSort;297101
1300;ReversedSorted;heapSort;277048
1400;Random(0-5);heapSort;262049
1400;Random(0-4000);heapSort;330127
1400;AlmostSorted;heapSort;323936
1400;ReversedSorted;heapSort;302979
1500;Random(0-5);heapSort;291358
1500;Random(0-4000);heapSort;348363
1500;AlmostSorted;heapSort;327428
1500;ReversedSorted;heapSort;320837
1600;Random(0-5);heapSort;312861
1600;Random(0-4000);heapSort;379547
1600;AlmostSorted;heapSort;380360
1600;ReversedSorted;heapSort;343289
1700;Random(0-5);heapSort;330220
1700;Random(0-4000);heapSort;397680
1700;AlmostSorted;heapSort;407151
1700;ReversedSorted;heapSort;368235
1800;Random(0-5);heapSort;347822
1800;Random(0-4000);heapSort;435417
1800;AlmostSorted;heapSort;430228
1800;ReversedSorted;heapSort;379362
1900;Random(0-5);heapSort;387931
1900;Random(0-4000);heapSort;470953
1900;AlmostSorted;heapSort;471492
1900;ReversedSorted;heapSort;422327
2000;Random(0-5);heapSort;380019
2000;Random(0-4000);heapSort;481644
2000;AlmostSorted;heapSort;506502
2000;ReversedSorted;heapSort;466120
2100;Random(0-5);heapSort;433511
2100;Random(0-4000);heapSort;528207
2100;AlmostSorted;heapSort;504591
2100;ReversedSorted;heapSort;462900
2200;Random(0-5);heapSort;457881
2200;Random(0-4000);heapSort;560028
2200;AlmostSorted;heapSort;543166
2200;ReversedSorted;heapSort;502048
2300;Random(0-5);heapSort;475642
2300;Random(0-4000);heapSort;578667
2300;AlmostSorted;heapSort;576078
2300;ReversedSorted;heapSort;521004
2400;Random(0-5);heapSort;493170
2400;Random(0-4000);heapSort;613481
2400;AlmostSorted;heapSort;566603
2400;ReversedSorted;heapSort;535146
2500;Random(0-5);heapSort;525006
2500;Random(0-4000);heapSort;630753
2500;AlmostSorted;heapSort;630983
2500;ReversedSorted;heapSort;557986
2600;Random(0-5);heapSort;550332
2600;Random(0-4000);heapSort;670716
2600;AlmostSorted;heapSort;664765
2600;ReversedSorted;heapSort;599770
2700;Random(0-5);heapSort;585537
2700;Random(0-4000);heapSort;689539
2700;AlmostSorted;heapSort;667873
2700;ReversedSorted;heapSort;645234
2800;Random(0-5);heapSort;598214
2800;Random(0-4000);heapSort;714251
2800;AlmostSorted;heapSort;709670
2800;ReversedSorted;heapSort;648546
2900;Random(0-5);heapSort;612734
2900;Random(0-4000);heapSort;744267
2900;AlmostSorted;heapSort;755751
2900;ReversedSorted;heapSort;691255
3000;Random(0-5);heapSort;633707
3000;Random(0-4000);heapSort;798312
3000;AlmostSorted;heapSort;773029
3000;ReversedSorted;heapSort;717980
3100;Random(0-5);heapSort;662491
3100;Random(0-4000);heapSort;817417
3100;AlmostSorted;heapSort;797008
3100;ReversedSorted;heapSort;742524
3200;Random(0-5);heapSort;700849
3200;Random(0-4000);heapSort;861187
3200;AlmostSorted;heapSort;846506
3200;ReversedSorted;heapSort;751139
3300;Random(0-5);heapSort;698697
3300;Random(0-4000);heapSort;895478
3300;AlmostSorted;heapSort;849923
3300;ReversedSorted;heapSort;812274
3400;Random(0-5);heapSort;740402
3400;Random(0-4000);heapSort;932887
3400;AlmostSorted;heapSort;883230
3400;ReversedSorted;heapSort;835392
3500;Random(0-5);heapSort;740736
3500;Random(0-4000);heapSort;932972
3500;AlmostSorted;heapSort;899285
3500;ReversedSorted;heapSort;899075
3600;Random(0-5);heapSort;982664
3600;Random(0-4000);heapSort;998481
3600;AlmostSorted;heapSort;935118
3600;ReversedSorted;heapSort;870823
3700;Random(0-5);heapSort;803554
3700;Random(0-4000);heapSort;999787
3700;AlmostSorted;heapSort;953377
3700;ReversedSorted;heapSort;897985
3800;Random(0-5);heapSort;823575
3800;Random(0-4000);heapSort;1013625
3800;AlmostSorted;heapSort;1003649
3800;ReversedSorted;heapSort;931683
3900;Random(0-5);heapSort;858926
3900;Random(0-4000);heapSort;1050730
3900;AlmostSorted;heapSort;1025487
3900;ReversedSorted;heapSort;921564
4000;Random(0-5);heapSort;897416
4000;Random(0-4000);heapSort;1107418
4000;AlmostSorted;heapSort;1078948
4000;ReversedSorted;heapSort;987195
4100;Random(0-5);heapSort;885530
4100;Random(0-4000);heapSort;1124177
4100;AlmostSorted;heapSort;1084157
4100;ReversedSorted;heapSort;985707
50;Random(0-5);shellShellSort;1896
50;Random(0-4000);shellShellSort;2627
50;AlmostSorted;shellShellSort;1364
50;ReversedSorted;shellShellSort;2046
100;Random(0-5);shellShellSort;3945
100;Random(0-4000);shellShellSort;6516
100;AlmostSorted;shellShellSort;3688
100;ReversedSorted;shellShellSort;4951
150;Random(0-5);shellShellSort;7611
150;Random(0-4000);shellShellSort;13813
150;AlmostSorted;shellShellSort;6422
150;ReversedSorted;shellShellSort;8843
200;Random(0-5);shellShellSort;9080
200;Random(0-4000);shellShellSort;22027
200;AlmostSorted;shellShellSort;9282
200;ReversedSorted;shellShellSort;12052
250;Random(0-5);shellShellSort;13484
250;Random(0-4000);shellShellSort;31558
250;AlmostSorted;shellShellSort;14094
250;ReversedSorted;shellShellSort;16833
300;Random(0-5);shellShellSort;18544
300;Random(0-4000);shellShellSort;40484
300;AlmostSorted;shellShellSort;19133
300;ReversedSorted;shellShellSort;22304
400;Random(0-5);shellShellSort;26826
400;Random(0-4000);shellShellSort;67618
400;AlmostSorted;shellShellSort;25701
400;ReversedSorted;shellShellSort;28220
500;Random(0-5);shellShellSort;34486
500;Random(0-4000);shellShellSort;81579
500;AlmostSorted;shellShellSort;42299
500;ReversedSorted;shellShellSort;41652
600;Random(0-5);shellShellSort;44452
600;Random(0-4000);shellShellSort;102577
600;AlmostSorted;shellShellSort;49868
600;ReversedSorted;shellShellSort;46751
700;Random(0-5);shellShellSort;51528
700;Random(0-4000);shellShellSort;127249
700;AlmostSorted;shellShellSort;65741
700;ReversedSorted;shellShellSort;60748
800;Random(0-5);shellShellSort;79832
800;Random(0-4000);shellShellSort;170612
800;AlmostSorted;shellShellSort;66328
800;ReversedSorted;shellShellSort;66571
900;Random(0-5);shellShellSort;80025
900;Random(0-4000);shellShellSort;192683
900;AlmostSorted;shellShellSort;81973
900;ReversedSorted;shellShellSort;79875
1000;Random(0-5);shellShellSort;84360
1000;Random(0-4000);shellShellSort;200470
1000;AlmostSorted;shellShellSort;101471
1000;ReversedSorted;shellShellSort;95439
1100;Random(0-5);shellShellSort;87732
1100;Random(0-4000);shellShellSort;219146
1100;AlmostSorted;shellShellSort;95329
1100;ReversedSorted;shellShellSort;96238
1200;Random(0-5);shellShellSort;110164
1200;Random(0-4000);shellShellSort;243419
1200;AlmostSorted;shellShellSort;104562
1200;ReversedSorted;shellShellSort;108318
1300;Random(0-5);shellShellSort;117180
1300;Random(0-4000);shellShellSort;292605
1300;AlmostSorted;shellShellSort;114747
1300;ReversedSorted;shellShellSort;131164
1400;Random(0-5);shellShellSort;124189
1400;Random(0-4000);shellShellSort;296709
1400;AlmostSorted;shellShellSort;131701
1400;ReversedSorted;shellShellSort;137791
1500;Random(0-5);shellShellSort;124426
1500;Random(0-4000);shellShellSort;334536
1500;AlmostSorted;shellShellSort;150649
1500;ReversedSorted;shellShellSort;149081
1600;Random(0-5);shellShellSort;172318
1600;Random(0-4000);shellShellSort;397270
1600;AlmostSorted;shellShellSort;142642
1600;ReversedSorted;shellShellSort;153073
1700;Random(0-5);shellShellSort;156082
1700;Random(0-4000);shellShellSort;380383
1700;AlmostSorted;shellShellSort;164516
1700;ReversedSorted;shellShellSort;171105
1800;Random(0-5);shellShellSort;170346
1800;Random(0-4000);shellShellSort;460027
1800;AlmostSorted;shellShellSort;160459
1800;ReversedSorted;shellShellSort;184473
1900;Random(0-5);shellShellSort;158758
1900;Random(0-4000);shellShellSort;417646
1900;AlmostSorted;shellShellSort;191292
1900;ReversedSorted;shellShellSort;179408
2000;Random(0-5);shellShellSort;189241
2000;Random(0-4000);shellShellSort;469145
2000;AlmostSorted;shellShellSort;216131
2000;ReversedSorted;shellShellSort;195712
2100;Random(0-5);shellShellSort;193060
2100;Random(0-4000);shellShellSort;532807
2100;AlmostSorted;shellShellSort;214094
2100;ReversedSorted;shellShellSort;205963
2200;Random(0-5);shellShellSort;203305
2200;Random(0-4000);shellShellSort;505804
2200;AlmostSorted;shellShellSort;219539
2200;ReversedSorted;shellShellSort;217053
2300;Random(0-5);shellShellSort;204759
2300;Random(0-4000);shellShellSort;538937
2300;AlmostSorted;shellShellSort;219101
2300;ReversedSorted;shellShellSort;246238
2400;Random(0-5);shellShellSort;248648
2400;Random(0-4000);shellShellSort;581606
2400;AlmostSorted;shellShellSort;240677
2400;ReversedSorted;shellShellSort;248573
2500;Random(0-5);shellShellSort;239689
2500;Random(0-4000);shellShellSort;628454
2500;AlmostSorted;shellShellSort;251454
2500;ReversedSorted;shellShellSort;267480
2600;Random(0-5);shellShellSort;261518
2600;Random(0-4000);shellShellSort;685213
2600;AlmostSorted;shellShellSort;274353
2600;ReversedSorted;shellShellSort;278315
2700;Random(0-5);shellShellSort;260210
2700;Random(0-4000);shellShellSort;683286
2700;AlmostSorted;shellShellSort;277049
2700;ReversedSorted;shellShellSort;301724
2800;Random(0-5);shellShellSort;288046
2800;Random(0-4000);shellShellSort;733316
2800;AlmostSorted;shellShellSort;298984
2800;ReversedSorted;shellShellSort;302731
2900;Random(0-5);shellShellSort;286430
2900;Random(0-4000);shellShellSort;732743
2900;AlmostSorted;shellShellSort;306709
2900;ReversedSorted;shellShellSort;305960
3000;Random(0-5);shellShellSort;273208
3000;Random(0-4000);shellShellSort;747668
3000;AlmostSorted;shellShellSort;329443
3000;ReversedSorted;shellShellSort;318859
3100;Random(0-5);shellShellSort;294301
3100;Random(0-4000);shellShellSort;930825
3100;AlmostSorted;shellShellSort;328901
3100;ReversedSorted;shellShellSort;307183
3200;Random(0-5);shellShellSort;377704
3200;Random(0-4000);shellShellSort;977094
3200;AlmostSorted;shellShellSort;329659
3200;ReversedSorted;shellShellSort;339712
3300;Random(0-5);shellShellSort;303328
3300;Random(0-4000);shellShellSort;865322
3300;AlmostSorted;shellShellSort;356814
3300;ReversedSorted;shellShellSort;395251
3400;Random(0-5);shellShellSort;333109
3400;Random(0-4000);shellShellSort;883996
3400;AlmostSorted;shellShellSort;352658
3400;ReversedSorted;shellShellSort;362395
3500;Random(0-5);shellShellSort;341641
3500;Random(0-4000);shellShellSort;931405
3500;AlmostSorted;shellShellSort;377810
3500;ReversedSorted;shellShellSort;371172
3600;Random(0-5);shellShellSort;368498
3600;Random(0-4000);shellShellSort;1099806
3600;AlmostSorted;shellShellSort;345653
3600;ReversedSorted;shellShellSort;385804
3700;Random(0-5);shellShellSort;352607
3700;Random(0-4000);shellShellSort;985108
3700;AlmostSorted;shellShellSort;390919
3700;ReversedSorted;shellShellSort;404835
3800;Random(0-5);shellShellSort;354871
3800;Random(0-4000);shellShellSort;1006168
3800;AlmostSorted;shellShellSort;413353
3800;ReversedSorted;shellShellSort;420377
3900;Random(0-5);shellShellSort;360461
3900;Random(0-4000);shellShellSort;1036794
3900;AlmostSorted;shellShellSort;398471
3900;ReversedSorted;shellShellSort;430029
4000;Random(0-5);shellShellSort;419673
4000;Random(0-4000);shellShellSort;1110191
4000;AlmostSorted;shellShellSort;455106
4000;ReversedSorted;shellShellSort;451035
4100;Random(0-5);shellShellSort;464236
4100;Random(0-4000);shellShellSort;1737567
4100;AlmostSorted;shellShellSort;476097
4100;ReversedSorted;shellShellSort;435229
50;Random(0-5);shellCiuraSort;1867
50;Random(0-4000);shellCiuraSort;2269
50;AlmostSorted;shellCiuraSort;1254
50;ReversedSorted;shellCiuraSort;2165
100;Random(0-5);shellCiuraSort;4361
100;Random(0-4000);shellCiuraSort;8204
100;AlmostSorted;shellCiuraSort;4477
100;ReversedSorted;shellCiuraSort;5158
150;Random(0-5);shellCiuraSort;6392
150;Random(0-4000);shellCiuraSort;12497
150;AlmostSorted;shellCiuraSort;6534
150;ReversedSorted;shellCiuraSort;8182
200;Random(0-5);shellCiuraSort;8896
200;Random(0-4000);shellCiuraSort;21592
200;AlmostSorted;shellCiuraSort;10154
200;ReversedSorted;shellCiuraSort;12281
250;Random(0-5);shellCiuraSort;14099
250;Random(0-4000);shellCiuraSort;28420
250;AlmostSorted;shellCiuraSort;13914
250;ReversedSorted;shellCiuraSort;16838
300;Random(0-5);shellCiuraSort;18562
300;Random(0-4000);shellCiuraSort;40114
300;AlmostSorted;shellCiuraSort;19528
300;ReversedSorted;shellCiuraSort;19149
400;Random(0-5);shellCiuraSort;22670
400;Random(0-4000);shellCiuraSort;61509
400;AlmostSorted;shellCiuraSort;29229
400;ReversedSorted;shellCiuraSort;26622
500;Random(0-5);shellCiuraSort;33202
500;Random(0-4000);shellCiuraSort;79908
500;AlmostSorted;shellCiuraSort;41495
500;ReversedSorted;shellCiuraSort;36709
600;Random(0-5);shellCiuraSort;42348
600;Random(0-4000);shellCiuraSort;105040
600;AlmostSorted;shellCiuraSort;53309
600;ReversedSorted;shellCiuraSort;47692
700;Random(0-5);shellCiuraSort;50714
700;Random(0-4000);shellCiuraSort;123147
700;AlmostSorted;shellCiuraSort;62815
700;ReversedSorted;shellCiuraSort;50207
800;Random(0-5);shellCiuraSort;56439
800;Random(0-4000);shellCiuraSort;143363
800;AlmostSorted;shellCiuraSort;79076
800;ReversedSorted;shellCiuraSort;58544
900;Random(0-5);shellCiuraSort;65002
900;Random(0-4000);shellCiuraSort;167903
900;AlmostSorted;shellCiuraSort;91111
900;ReversedSorted;shellCiuraSort;69022
1000;Random(0-5);shellCiuraSort;73143
1000;Random(0-4000);shellCiuraSort;189975
1000;AlmostSorted;shellCiuraSort;97202
1000;ReversedSorted;shellCiuraSort;73617
1100;Random(0-5);shellCiuraSort;82858
1100;Random(0-4000);shellCiuraSort;217619
1100;AlmostSorted;shellCiuraSort;104502
1100;ReversedSorted;shellCiuraSort;86295
1200;Random(0-5);shellCiuraSort;92169
1200;Random(0-4000);shellCiuraSort;240818
1200;AlmostSorted;shellCiuraSort;114457
1200;ReversedSorted;shellCiuraSort;93889
1300;Random(0-5);shellCiuraSort;101199
1300;Random(0-4000);shellCiuraSort;264341
1300;AlmostSorted;shellCiuraSort;120948
1300;ReversedSorted;shellCiuraSort;109384
1400;Random(0-5);shellCiuraSort;111503
1400;Random(0-4000);shellCiuraSort;286382
1400;AlmostSorted;shellCiuraSort;189877
1400;ReversedSorted;shellCiuraSort;192970
1500;Random(0-5);shellCiuraSort;131202
1500;Random(0-4000);shellCiuraSort;309065
1500;AlmostSorted;shellCiuraSort;145129
1500;ReversedSorted;shellCiuraSort;126232
1600;Random(0-5);shellCiuraSort;124926
1600;Random(0-4000);shellCiuraSort;330453
1600;AlmostSorted;shellCiuraSort;161395
1600;ReversedSorted;shellCiuraSort;136793
1700;Random(0-5);shellCiuraSort;129598
1700;Random(0-4000);shellCiuraSort;348886
1700;AlmostSorted;shellCiuraSort;163323
1700;ReversedSorted;shellCiuraSort;141806
1800;Random(0-5);shellCiuraSort;138375
1800;Random(0-4000);shellCiuraSort;384000
1800;AlmostSorted;shellCiuraSort;171594
1800;ReversedSorted;shellCiuraSort;148092
1900;Random(0-5);shellCiuraSort;146303
1900;Random(0-4000);shellCiuraSort;398068
1900;AlmostSorted;shellCiuraSort;190928
1900;ReversedSorted;shellCiuraSort;143687
2000;Random(0-5);shellCiuraSort;154399
2000;Random(0-4000);shellCiuraSort;419256
2000;AlmostSorted;shellCiuraSort;206266
2000;ReversedSorted;shellCiuraSort;162419
2100;Random(0-5);shellCiuraSort;162068
2100;Random(0-4000);shellCiuraSort;448332
2100;AlmostSorted;shellCiuraSort;213717
2100;ReversedSorted;shellCiuraSort;168997
2200;Random(0-5);shellCiuraSort;172802
2200;Random(0-4000);shellCiuraSort;469212
2200;AlmostSorted;shellCiuraSort;222006
2200;ReversedSorted;shellCiuraSort;179174
2300;Random(0-5);shellCiuraSort;183256
2300;Random(0-4000);shellCiuraSort;499857
2300;AlmostSorted;shellCiuraSort;234183
2300;ReversedSorted;shellCiuraSort;187840
2400;Random(0-5);shellCiuraSort;193124
2400;Random(0-4000);shellCiuraSort;532775
2400;AlmostSorted;shellCiuraSort;246072
2400;ReversedSorted;shellCiuraSort;200393
2500;Random(0-5);shellCiuraSort;202554
2500;Random(0-4000);shellCiuraSort;562592
2500;AlmostSorted;shellCiuraSort;255875
2500;ReversedSorted;shellCiuraSort;203607
2600;Random(0-5);shellCiuraSort;211484
2600;Random(0-4000);shellCiuraSort;580198
2600;AlmostSorted;shellCiuraSort;274365
2600;ReversedSorted;shellCiuraSort;212905
2700;Random(0-5);shellCiuraSort;225091
2700;Random(0-4000);shellCiuraSort;615958
2700;AlmostSorted;shellCiuraSort;287382
2700;ReversedSorted;shellCiuraSort;222920
2800;Random(0-5);shellCiuraSort;231086
2800;Random(0-4000);shellCiuraSort;642563
2800;AlmostSorted;shellCiuraSort;297790
2800;ReversedSorted;shellCiuraSort;232195
2900;Random(0-5);shellCiuraSort;241085
2900;Random(0-4000);shellCiuraSort;665037
2900;AlmostSorted;shellCiuraSort;309892
2900;ReversedSorted;shellCiuraSort;244082
3000;Random(0-5);shellCiuraSort;246619
3000;Random(0-4000);shellCiuraSort;687871
3000;AlmostSorted;shellCiuraSort;315333
3000;ReversedSorted;shellCiuraSort;255660
3100;Random(0-5);shellCiuraSort;257010
3100;Random(0-4000);shellCiuraSort;719632
3100;AlmostSorted;shellCiuraSort;330488
3100;ReversedSorted;shellCiuraSort;283153
3200;Random(0-5);shellCiuraSort;268293
3200;Random(0-4000);shellCiuraSort;743058
3200;AlmostSorted;shellCiuraSort;333297
3200;ReversedSorted;shellCiuraSort;291011
3300;Random(0-5);shellCiuraSort;275892
3300;Random(0-4000);shellCiuraSort;763829
3300;AlmostSorted;shellCiuraSort;343925
3300;ReversedSorted;shellCiuraSort;302204
3400;Random(0-5);shellCiuraSort;284363
3400;Random(0-4000);shellCiuraSort;801551
3400;AlmostSorted;shellCiuraSort;356399
3400;ReversedSorted;shellCiuraSort;291916
3500;Random(0-5);shellCiuraSort;300012
3500;Random(0-4000);shellCiuraSort;818666
3500;AlmostSorted;shellCiuraSort;365986
3500;ReversedSorted;shellCiuraSort;321874
3600;Random(0-5);shellCiuraSort;306772
3600;Random(0-4000);shellCiuraSort;850920
3600;AlmostSorted;shellCiuraSort;379399
3600;ReversedSorted;shellCiuraSort;315292
3700;Random(0-5);shellCiuraSort;314368
3700;Random(0-4000);shellCiuraSort;889841
3700;AlmostSorted;shellCiuraSort;394376
3700;ReversedSorted;shellCiuraSort;334327
3800;Random(0-5);shellCiuraSort;323733
3800;Random(0-4000);shellCiuraSort;913432
3800;AlmostSorted;shellCiuraSort;409216
3800;ReversedSorted;shellCiuraSort;344998
3900;Random(0-5);shellCiuraSort;330113
3900;Random(0-4000);shellCiuraSort;937397
3900;AlmostSorted;shellCiuraSort;423201
3900;ReversedSorted;shellCiuraSort;363835
4000;Random(0-5);shellCiuraSort;339668
4000;Random(0-4000);shellCiuraSort;959945
4000;AlmostSorted;shellCiuraSort;432955
4000;ReversedSorted;shellCiuraSort;359017
4100;Random(0-5);shellCiuraSort;352207
4100;Random(0-4000);shellCiuraSort;990016
4100;AlmostSorted;shellCiuraSort;549780
4100;ReversedSorted;shellCiuraSort;365692
