datasetSize;arrayType;sortType;operations
50;Random(0-5);selectionSort;6486
50;Random(0-4000);selectionSort;6554
50;AlmostSorted;selectionSort;6457
50;ReversedSorted;selectionSort;7044
100;Random(0-5);selectionSort;25474
100;Random(0-4000);selectionSort;25635
100;AlmostSorted;selectionSort;25429
100;ReversedSorted;selectionSort;27844
150;Random(0-5);selectionSort;56964
150;Random(0-4000);selectionSort;57277
150;AlmostSorted;selectionSort;56949
150;ReversedSorted;selectionSort;62394
200;Random(0-5);selectionSort;100942
200;Random(0-4000);selectionSort;101451
200;AlmostSorted;selectionSort;100984
200;ReversedSorted;selectionSort;110694
250;Random(0-5);selectionSort;157458
250;Random(0-4000);selectionSort;158244
250;AlmostSorted;selectionSort;157534
250;ReversedSorted;selectionSort;172744
300;Random(0-5);selectionSort;226453
300;Random(0-4000);selectionSort;227330
300;AlmostSorted;selectionSort;226575
300;ReversedSorted;selectionSort;248544
400;Random(0-5);selectionSort;401951
400;Random(0-4000);selectionSort;403353
400;AlmostSorted;selectionSort;401999
400;ReversedSorted;selectionSort;441394
500;Random(0-5);selectionSort;627481
500;Random(0-4000);selectionSort;629153
500;AlmostSorted;selectionSort;627488
500;ReversedSorted;selectionSort;689244
600;Random(0-5);selectionSort;903009
600;Random(0-4000);selectionSort;904903
600;AlmostSorted;selectionSort;903109
600;ReversedSorted;selectionSort;992094
700;Random(0-5);selectionSort;1228516
700;Random(0-4000);selectionSort;1231071
700;AlmostSorted;selectionSort;1228733
700;ReversedSorted;selectionSort;1349944
800;Random(0-5);selectionSort;1603954
800;Random(0-4000);selectionSort;1606968
800;AlmostSorted;selectionSort;1603841
800;ReversedSorted;selectionSort;1762794
900;Random(0-5);selectionSort;2029407
900;Random(0-4000);selectionSort;2033121
900;AlmostSorted;selectionSort;2028398
900;ReversedSorted;selectionSort;2230644
1000;Random(0-5);selectionSort;2504909
1000;Random(0-4000);selectionSort;2508899
1000;AlmostSorted;selectionSort;2503524
1000;ReversedSorted;selectionSort;2753494
1100;Random(0-5);selectionSort;3030373
1100;Random(0-4000);selectionSort;3034813
1100;AlmostSorted;selectionSort;3028974
1100;ReversedSorted;selectionSort;3331344
1200;Random(0-5);selectionSort;3605876
1200;Random(0-4000);selectionSort;3611155
1200;AlmostSorted;selectionSort;3604484
1200;ReversedSorted;selectionSort;3964194
1300;Random(0-5);selectionSort;4231366
1300;Random(0-4000);selectionSort;4236884
1300;AlmostSorted;selectionSort;4230050
1300;ReversedSorted;selectionSort;4652044
1400;Random(0-5);selectionSort;4906879
1400;Random(0-4000);selectionSort;4913179
1400;AlmostSorted;selectionSort;4905598
1400;ReversedSorted;selectionSort;5394894
1500;Random(0-5);selectionSort;5632374
1500;Random(0-4000);selectionSort;5639129
1500;AlmostSorted;selectionSort;5631172
1500;ReversedSorted;selectionSort;6192744
1600;Random(0-5);selectionSort;6407851
1600;Random(0-4000);selectionSort;6414817
1600;AlmostSorted;selectionSort;6406794
1600;ReversedSorted;selectionSort;7045594
1700;Random(0-5);selectionSort;7233347
1700;Random(0-4000);selectionSort;7241073
1700;AlmostSorted;selectionSort;7231931
1700;ReversedSorted;selectionSort;7953444
1800;Random(0-5);selectionSort;8108822
1800;Random(0-4000);selectionSort;8117096
1800;AlmostSorted;selectionSort;8107516
1800;ReversedSorted;selectionSort;8916294
1900;Random(0-5);selectionSort;9034349
1900;Random(0-4000);selectionSort;9043321
1900;AlmostSorted;selectionSort;9032934
1900;ReversedSorted;selectionSort;9934144
2000;Random(0-5);selectionSort;10009819
2000;Random(0-4000);selectionSort;10019117
2000;AlmostSorted;selectionSort;10007056
2000;ReversedSorted;selectionSort;11006994
2100;Random(0-5);selectionSort;11035369
2100;Random(0-4000);selectionSort;11045510
2100;AlmostSorted;selectionSort;11032508
2100;ReversedSorted;selectionSort;12134844
2200;Random(0-5);selectionSort;12110857
2200;Random(0-4000);selectionSort;12121545
2200;AlmostSorted;selectionSort;12108058
2200;ReversedSorted;selectionSort;13317694
2300;Random(0-5);selectionSort;13236397
2300;Random(0-4000);selectionSort;13247545
2300;AlmostSorted;selectionSort;13233623
2300;ReversedSorted;selectionSort;14555544
2400;Random(0-5);selectionSort;14411886
2400;Random(0-4000);selectionSort;14423778
2400;AlmostSorted;selectionSort;14409166
2400;ReversedSorted;selectionSort;15848394
2500;Random(0-5);selectionSort;15637387
2500;Random(0-4000);selectionSort;15649500
2500;AlmostSorted;selectionSort;15634595
2500;ReversedSorted;selectionSort;17196244
2600;Random(0-5);selectionSort;16912894
2600;Random(0-4000);selectionSort;16925445
2600;AlmostSorted;selectionSort;16910277
2600;ReversedSorted;selectionSort;18599094
2700;Random(0-5);selectionSort;18238373
2700;Random(0-4000);selectionSort;18251803
2700;AlmostSorted;selectionSort;18235361
2700;ReversedSorted;selectionSort;20056944
2800;Random(0-5);selectionSort;19613861
2800;Random(0-4000);selectionSort;19627935
2800;AlmostSorted;selectionSort;19610664
2800;ReversedSorted;selectionSort;21569794
2900;Random(0-5);selectionSort;21039373
2900;Random(0-4000);selectionSort;21053314
2900;AlmostSorted;selectionSort;21035857
2900;ReversedSorted;selectionSort;23137644
3000;Random(0-5);selectionSort;22514878
3000;Random(0-4000);selectionSort;22530452
3000;AlmostSorted;selectionSort;22510586
3000;ReversedSorted;selectionSort;24760494
3100;Random(0-5);selectionSort;24040354
3100;Random(0-4000);selectionSort;24056600
3100;AlmostSorted;selectionSort;24036042
3100;ReversedSorted;selectionSort;26438344
3200;Random(0-5);selectionSort;25615846
3200;Random(0-4000);selectionSort;25632185
3200;AlmostSorted;selectionSort;25611529
3200;ReversedSorted;selectionSort;28171194
3300;Random(0-5);selectionSort;27241368
3300;Random(0-4000);selectionSort;27257803
3300;AlmostSorted;selectionSort;27237144
3300;ReversedSorted;selectionSort;29959044
3400;Random(0-5);selectionSort;28916883
3400;Random(0-4000);selectionSort;28933977
3400;AlmostSorted;selectionSort;28912803
3400;ReversedSorted;selectionSort;31801894
3500;Random(0-5);selectionSort;30642348
3500;Random(0-4000);selectionSort;30659991
3500;AlmostSorted;selectionSort;30638451
3500;ReversedSorted;selectionSort;33699744
3600;Random(0-5);selectionSort;32417902
3600;Random(0-4000);selectionSort;32436674
3600;AlmostSorted;selectionSort;32414150
3600;ReversedSorted;selectionSort;35652594
3700;Random(0-5);selectionSort;34243414
3700;Random(0-4000);selectionSort;34262292
3700;AlmostSorted;selectionSort;34239299
3700;ReversedSorted;selectionSort;37660444
3800;Random(0-5);selectionSort;36118941
3800;Random(0-4000);selectionSort;36137851
3800;AlmostSorted;selectionSort;36114807
3800;ReversedSorted;selectionSort;39723294
3900;Random(0-5);selectionSort;38044406
3900;Random(0-4000);selectionSort;38064450
3900;AlmostSorted;selectionSort;38040117
3900;ReversedSorted;selectionSort;41841144
4000;Random(0-5);selectionSort;40019852
4000;Random(0-4000);selectionSort;40040692
4000;AlmostSorted;selectionSort;40014116
4000;ReversedSorted;selectionSort;44013994
4100;Random(0-5);selectionSort;42045391
4100;Random(0-4000);selectionSort;42067172
4100;AlmostSorted;selectionSort;42057986
4100;ReversedSorted;selectionSort;46241844
50;Random(0-5);bubbleSort;13027
50;Random(0-4000);bubbleSort;13523
50;AlmostSorted;bubbleSort;11307
50;ReversedSorted;bubbleSort;16023
100;Random(0-5);bubbleSort;51708
100;Random(0-4000);bubbleSort;53556
100;AlmostSorted;bubbleSort;45452
100;ReversedSorted;bubbleSort;64548
150;Random(0-5);bubbleSort;117677
150;Random(0-4000);bubbleSort;121397
150;AlmostSorted;bubbleSort;102141
150;ReversedSorted;bubbleSort;145573
200;Random(0-5);bubbleSort;210826
200;Random(0-4000);bubbleSort;217378
200;AlmostSorted;bubbleSort;181450
200;ReversedSorted;bubbleSort;259098
250;Random(0-5);bubbleSort;334627
250;Random(0-4000);bubbleSort;344959
250;AlmostSorted;bubbleSort;283375
250;ReversedSorted;bubbleSort;405123
300;Random(0-5);bubbleSort;481188
300;Random(0-4000);bubbleSort;495512
300;AlmostSorted;bubbleSort;408004
300;ReversedSorted;bubbleSort;583648
400;Random(0-5);bubbleSort;855086
400;Random(0-4000);bubbleSort;881894
400;AlmostSorted;bubbleSort;727702
400;ReversedSorted;bubbleSort;1038198
500;Random(0-5);bubbleSort;1333124
500;Random(0-4000);bubbleSort;1374412
500;AlmostSorted;bubbleSort;1136600
500;ReversedSorted;bubbleSort;1622748
600;Random(0-5);bubbleSort;1920550
600;Random(0-4000);bubbleSort;1979306
600;AlmostSorted;bubbleSort;1633558
600;ReversedSorted;bubbleSort;2337298
700;Random(0-5);bubbleSort;2616128
700;Random(0-4000);bubbleSort;2696428
700;AlmostSorted;bubbleSort;2220792
700;ReversedSorted;bubbleSort;3181848
800;Random(0-5);bubbleSort;3416294
800;Random(0-4000);bubbleSort;3522446
800;AlmostSorted;bubbleSort;2903210
800;ReversedSorted;bubbleSort;4156398
900;Random(0-5);bubbleSort;4309988
900;Random(0-4000);bubbleSort;4444700
900;AlmostSorted;bubbleSort;3675288
900;ReversedSorted;bubbleSort;5260948
1000;Random(0-5);bubbleSort;5323574
1000;Random(0-4000);bubbleSort;5490990
1000;AlmostSorted;bubbleSort;4531702
1000;ReversedSorted;bubbleSort;6495498
1100;Random(0-5);bubbleSort;6433672
1100;Random(0-4000);bubbleSort;6638960
1100;AlmostSorted;bubbleSort;5476936
1100;ReversedSorted;bubbleSort;7860048
1200;Random(0-5);bubbleSort;7665270
1200;Random(0-4000);bubbleSort;7907402
1200;AlmostSorted;bubbleSort;6513006
1200;ReversedSorted;bubbleSort;9354598
1300;Random(0-5);bubbleSort;8998044
1300;Random(0-4000);bubbleSort;9280796
1300;AlmostSorted;bubbleSort;7639512
1300;ReversedSorted;bubbleSort;10979148
1400;Random(0-5);bubbleSort;10476554
1400;Random(0-4000);bubbleSort;10802654
1400;AlmostSorted;bubbleSort;8857190
1400;ReversedSorted;bubbleSort;12733698
1500;Random(0-5);bubbleSort;12015228
1500;Random(0-4000);bubbleSort;12388636
1500;AlmostSorted;bubbleSort;10164608
1500;ReversedSorted;bubbleSort;14618248
1600;Random(0-5);bubbleSort;13664558
1600;Random(0-4000);bubbleSort;14089190
1600;AlmostSorted;bubbleSort;11565446
1600;ReversedSorted;bubbleSort;16632798
1700;Random(0-5);bubbleSort;15385572
1700;Random(0-4000);bubbleSort;15863792
1700;AlmostSorted;bubbleSort;13057604
1700;ReversedSorted;bubbleSort;18777348
1800;Random(0-5);bubbleSort;17247250
1800;Random(0-4000);bubbleSort;17786578
1800;AlmostSorted;bubbleSort;14635498
1800;ReversedSorted;bubbleSort;21051898
1900;Random(0-5);bubbleSort;19243580
1900;Random(0-4000);bubbleSort;19840724
1900;AlmostSorted;bubbleSort;16306356
1900;ReversedSorted;bubbleSort;23456448
2000;Random(0-5);bubbleSort;21335158
2000;Random(0-4000);bubbleSort;21999446
2000;AlmostSorted;bubbleSort;18071790
2000;ReversedSorted;bubbleSort;25990998
2100;Random(0-5);bubbleSort;23579112
2100;Random(0-4000);bubbleSort;24305736
2100;AlmostSorted;bubbleSort;19917104
2100;ReversedSorted;bubbleSort;28655548
2200;Random(0-5);bubbleSort;25831302
2200;Random(0-4000);bubbleSort;26627302
2200;AlmostSorted;bubbleSort;21853414
2200;ReversedSorted;bubbleSort;31450098
2300;Random(0-5);bubbleSort;28295232
2300;Random(0-4000);bubbleSort;29169728
2300;AlmostSorted;bubbleSort;23880100
2300;ReversedSorted;bubbleSort;34374648
2400;Random(0-5);bubbleSort;30818606
2400;Random(0-4000);bubbleSort;31770298
2400;AlmostSorted;bubbleSort;25998938
2400;ReversedSorted;bubbleSort;37429198
2500;Random(0-5);bubbleSort;33409400
2500;Random(0-4000);bubbleSort;34439888
2500;AlmostSorted;bubbleSort;28208388
2500;ReversedSorted;bubbleSort;40613748
2600;Random(0-5);bubbleSort;36101570
2600;Random(0-4000);bubbleSort;37217658
2600;AlmostSorted;bubbleSort;30508990
2600;ReversedSorted;bubbleSort;43928298
2700;Random(0-5);bubbleSort;38927048
2700;Random(0-4000);bubbleSort;40135432
2700;AlmostSorted;bubbleSort;32903112
2700;ReversedSorted;bubbleSort;47372848
2800;Random(0-5);bubbleSort;41825690
2800;Random(0-4000);bubbleSort;43135434
2800;AlmostSorted;bubbleSort;35383966
2800;ReversedSorted;bubbleSort;50947398
2900;Random(0-5);bubbleSort;44939396
2900;Random(0-4000);bubbleSort;46350056
2900;AlmostSorted;bubbleSort;37953204
2900;ReversedSorted;bubbleSort;54651948
3000;Random(0-5);bubbleSort;48113006
3000;Random(0-4000);bubbleSort;49624878
3000;AlmostSorted;bubbleSort;40611622
3000;ReversedSorted;bubbleSort;58486498
3100;Random(0-5);bubbleSort;51323660
3100;Random(0-4000);bubbleSort;52934180
3100;AlmostSorted;bubbleSort;43356932
3100;ReversedSorted;bubbleSort;62451048
3200;Random(0-5);bubbleSort;54634458
3200;Random(0-4000);bubbleSort;56349726
3200;AlmostSorted;bubbleSort;46193722
3200;ReversedSorted;bubbleSort;66545598
3300;Random(0-5);bubbleSort;58126240
3300;Random(0-4000);bubbleSort;59942756
3300;AlmostSorted;bubbleSort;49120580
3300;ReversedSorted;bubbleSort;70770148
3400;Random(0-5);bubbleSort;61758942
3400;Random(0-4000);bubbleSort;63688166
3400;AlmostSorted;bubbleSort;52138610
3400;ReversedSorted;bubbleSort;75124698
3500;Random(0-5);bubbleSort;65497944
3500;Random(0-4000);bubbleSort;67546324
3500;AlmostSorted;bubbleSort;55248068
3500;ReversedSorted;bubbleSort;79609248
3600;Random(0-5);bubbleSort;69271158
3600;Random(0-4000);bubbleSort;71434790
3600;AlmostSorted;bubbleSort;58448398
3600;ReversedSorted;bubbleSort;84223798
3700;Random(0-5);bubbleSort;73210720
3700;Random(0-4000);bubbleSort;75499084
3700;AlmostSorted;bubbleSort;61743668
3700;ReversedSorted;bubbleSort;88968348
3800;Random(0-5);bubbleSort;77205510
3800;Random(0-4000);bubbleSort;79620394
3800;AlmostSorted;bubbleSort;65123734
3800;ReversedSorted;bubbleSort;93842898
3900;Random(0-5);bubbleSort;81301104
3900;Random(0-4000);bubbleSort;83841148
3900;AlmostSorted;bubbleSort;68596352
3900;ReversedSorted;bubbleSort;98847448
4000;Random(0-5);bubbleSort;85511794
4000;Random(0-4000);bubbleSort;88186022
4000;AlmostSorted;bubbleSort;72160078
4000;ReversedSorted;bubbleSort;103981998
4100;Random(0-5);bubbleSort;89807416
4100;Random(0-4000);bubbleSort;92607852
4100;AlmostSorted;bubbleSort;77404428
4100;ReversedSorted;bubbleSort;109246548
50;Random(0-5);bubbleSortAiverson1;13122
50;Random(0-4000);bubbleSortAiverson1;14072
50;AlmostSorted;bubbleSortAiverson1;1537
50;ReversedSorted;bubbleSortAiverson1;17302
100;Random(0-5);bubbleSortAiverson1;50777
100;Random(0-4000);bubbleSortAiverson1;54872
100;AlmostSorted;bubbleSortAiverson1;30156
100;ReversedSorted;bubbleSortAiverson1;69602
150;Random(0-5);bubbleSortAiverson1;120079
150;Random(0-4000);bubbleSortAiverson1;125941
150;AlmostSorted;bubbleSortAiverson1;49311
150;ReversedSorted;bubbleSortAiverson1;156902
200;Random(0-5);bubbleSortAiverson1;216087
200;Random(0-4000);bubbleSortAiverson1;226947
200;AlmostSorted;bubbleSortAiverson1;68616
200;ReversedSorted;bubbleSortAiverson1;279202
250;Random(0-5);bubbleSortAiverson1;342922
250;Random(0-4000);bubbleSortAiverson1;361087
250;AlmostSorted;bubbleSortAiverson1;88066
250;ReversedSorted;bubbleSortAiverson1;436502
300;Random(0-5);bubbleSortAiverson1;491682
300;Random(0-4000);bubbleSortAiverson1;518281
300;AlmostSorted;bubbleSortAiverson1;107771
300;ReversedSorted;bubbleSortAiverson1;628802
400;Random(0-5);bubbleSortAiverson1;871176
400;Random(0-4000);bubbleSortAiverson1;919281
400;AlmostSorted;bubbleSortAiverson1;643546
400;ReversedSorted;bubbleSortAiverson1;1118402
500;Random(0-5);bubbleSortAiverson1;1359407
500;Random(0-4000);bubbleSortAiverson1;1434342
500;AlmostSorted;bubbleSortAiverson1;1118372
500;ReversedSorted;bubbleSortAiverson1;1748002
600;Random(0-5);bubbleSortAiverson1;1955339
600;Random(0-4000);bubbleSortAiverson1;2063326
600;AlmostSorted;bubbleSortAiverson1;1508132
600;ReversedSorted;bubbleSortAiverson1;2517602
700;Random(0-5);bubbleSortAiverson1;2661741
700;Random(0-4000);bubbleSortAiverson1;2818831
700;AlmostSorted;bubbleSortAiverson1;1898237
700;ReversedSorted;bubbleSortAiverson1;3427202
800;Random(0-5);bubbleSortAiverson1;3480419
800;Random(0-4000);bubbleSortAiverson1;3666026
800;AlmostSorted;bubbleSortAiverson1;2577797
800;ReversedSorted;bubbleSortAiverson1;4476802
900;Random(0-5);bubbleSortAiverson1;4384606
900;Random(0-4000);bubbleSortAiverson1;4638952
900;AlmostSorted;bubbleSortAiverson1;3677187
900;ReversedSorted;bubbleSortAiverson1;5666402
1000;Random(0-5);bubbleSortAiverson1;5417571
1000;Random(0-4000);bubbleSortAiverson1;5736881
1000;AlmostSorted;bubbleSortAiverson1;4453267
1000;ReversedSorted;bubbleSortAiverson1;6996002
1100;Random(0-5);bubbleSortAiverson1;6525552
1100;Random(0-4000);bubbleSortAiverson1;6929789
1100;AlmostSorted;bubbleSortAiverson1;5227872
1100;ReversedSorted;bubbleSortAiverson1;8465602
1200;Random(0-5);bubbleSortAiverson1;7785636
1200;Random(0-4000);bubbleSortAiverson1;8262202
1200;AlmostSorted;bubbleSortAiverson1;6003522
1200;ReversedSorted;bubbleSortAiverson1;10075202
1300;Random(0-5);bubbleSortAiverson1;9161456
1300;Random(0-4000);bubbleSortAiverson1;9691992
1300;AlmostSorted;bubbleSortAiverson1;6779717
1300;ReversedSorted;bubbleSortAiverson1;11824802
1400;Random(0-5);bubbleSortAiverson1;10663469
1400;Random(0-4000);bubbleSortAiverson1;11271917
1400;AlmostSorted;bubbleSortAiverson1;7557377
1400;ReversedSorted;bubbleSortAiverson1;13714402
1500;Random(0-5);bubbleSortAiverson1;12218274
1500;Random(0-4000);bubbleSortAiverson1;12934409
1500;AlmostSorted;bubbleSortAiverson1;8334712
1500;ReversedSorted;bubbleSortAiverson1;15744002
1600;Random(0-5);bubbleSortAiverson1;13897149
1600;Random(0-4000);bubbleSortAiverson1;14723361
1600;AlmostSorted;bubbleSortAiverson1;9116322
1600;ReversedSorted;bubbleSortAiverson1;17913602
1700;Random(0-5);bubbleSortAiverson1;15641104
1700;Random(0-4000);bubbleSortAiverson1;16552577
1700;AlmostSorted;bubbleSortAiverson1;9899582
1700;ReversedSorted;bubbleSortAiverson1;20223202
1800;Random(0-5);bubbleSortAiverson1;17496089
1800;Random(0-4000);bubbleSortAiverson1;18557999
1800;AlmostSorted;bubbleSortAiverson1;10677512
1800;ReversedSorted;bubbleSortAiverson1;22672802
1900;Random(0-5);bubbleSortAiverson1;19547439
1900;Random(0-4000);bubbleSortAiverson1;20742006
1900;AlmostSorted;bubbleSortAiverson1;11459147
1900;ReversedSorted;bubbleSortAiverson1;25262402
2000;Random(0-5);bubbleSortAiverson1;21658611
2000;Random(0-4000);bubbleSortAiverson1;22970936
2000;AlmostSorted;bubbleSortAiverson1;12246502
2000;ReversedSorted;bubbleSortAiverson1;27992002
2100;Random(0-5);bubbleSortAiverson1;23943072
2100;Random(0-4000);bubbleSortAiverson1;25422567
2100;AlmostSorted;bubbleSortAiverson1;13021207
2100;ReversedSorted;bubbleSortAiverson1;30861602
2200;Random(0-5);bubbleSortAiverson1;26201891
2200;Random(0-4000);bubbleSortAiverson1;27835921
2200;AlmostSorted;bubbleSortAiverson1;13797157
2200;ReversedSorted;bubbleSortAiverson1;33871202
2300;Random(0-5);bubbleSortAiverson1;28744666
2300;Random(0-4000);bubbleSortAiverson1;30490121
2300;AlmostSorted;bubbleSortAiverson1;14573577
2300;ReversedSorted;bubbleSortAiverson1;37020802
2400;Random(0-5);bubbleSortAiverson1;31302352
2400;Random(0-4000);bubbleSortAiverson1;33225602
2400;AlmostSorted;bubbleSortAiverson1;15352687
2400;ReversedSorted;bubbleSortAiverson1;40310402
2500;Random(0-5);bubbleSortAiverson1;33933822
2500;Random(0-4000);bubbleSortAiverson1;35990292
2500;AlmostSorted;bubbleSortAiverson1;16132562
2500;ReversedSorted;bubbleSortAiverson1;43740002
2600;Random(0-5);bubbleSortAiverson1;36570539
2600;Random(0-4000);bubbleSortAiverson1;38877346
2600;AlmostSorted;bubbleSortAiverson1;16913877
2600;ReversedSorted;bubbleSortAiverson1;47309602
2700;Random(0-5);bubbleSortAiverson1;39559456
2700;Random(0-4000);bubbleSortAiverson1;41944466
2700;AlmostSorted;bubbleSortAiverson1;17699592
2700;ReversedSorted;bubbleSortAiverson1;51019202
2800;Random(0-5);bubbleSortAiverson1;42498531
2800;Random(0-4000);bubbleSortAiverson1;45093116
2800;AlmostSorted;bubbleSortAiverson1;18481222
2800;ReversedSorted;bubbleSortAiverson1;54868802
2900;Random(0-5);bubbleSortAiverson1;45611384
2900;Random(0-4000);bubbleSortAiverson1;48433451
2900;AlmostSorted;bubbleSortAiverson1;19260832
2900;ReversedSorted;bubbleSortAiverson1;58858402
3000;Random(0-5);bubbleSortAiverson1;48856036
3000;Random(0-4000);bubbleSortAiverson1;51894867
3000;AlmostSorted;bubbleSortAiverson1;20039417
3000;ReversedSorted;bubbleSortAiverson1;62988002
3100;Random(0-5);bubbleSortAiverson1;52118271
3100;Random(0-4000);bubbleSortAiverson1;55341417
3100;AlmostSorted;bubbleSortAiverson1;20814117
3100;ReversedSorted;bubbleSortAiverson1;67257602
3200;Random(0-5);bubbleSortAiverson1;55519786
3200;Random(0-4000);bubbleSortAiverson1;58902859
3200;AlmostSorted;bubbleSortAiverson1;21590667
3200;ReversedSorted;bubbleSortAiverson1;71667202
3300;Random(0-5);bubbleSortAiverson1;59056436
3300;Random(0-4000);bubbleSortAiverson1;62671387
3300;AlmostSorted;bubbleSortAiverson1;22367302
3300;ReversedSorted;bubbleSortAiverson1;76216802
3400;Random(0-5);bubbleSortAiverson1;62748251
3400;Random(0-4000);bubbleSortAiverson1;66608391
3400;AlmostSorted;bubbleSortAiverson1;23145402
3400;ReversedSorted;bubbleSortAiverson1;80906402
3500;Random(0-5);bubbleSortAiverson1;66488551
3500;Random(0-4000);bubbleSortAiverson1;70653861
3500;AlmostSorted;bubbleSortAiverson1;23925287
3500;ReversedSorted;bubbleSortAiverson1;85736002
3600;Random(0-5);bubbleSortAiverson1;70335774
3600;Random(0-4000);bubbleSortAiverson1;74693464
3600;AlmostSorted;bubbleSortAiverson1;24706262
3600;ReversedSorted;bubbleSortAiverson1;90705602
3700;Random(0-5);bubbleSortAiverson1;74350027
3700;Random(0-4000);bubbleSortAiverson1;78978619
3700;AlmostSorted;bubbleSortAiverson1;25493412
3700;ReversedSorted;bubbleSortAiverson1;95815202
3800;Random(0-5);bubbleSortAiverson1;78408511
3800;Random(0-4000);bubbleSortAiverson1;83276376
3800;AlmostSorted;bubbleSortAiverson1;26274057
3800;ReversedSorted;bubbleSortAiverson1;101064802
3900;Random(0-5);bubbleSortAiverson1;82514466
3900;Random(0-4000);bubbleSortAiverson1;87652571
3900;AlmostSorted;bubbleSortAiverson1;27057892
3900;ReversedSorted;bubbleSortAiverson1;106454402
4000;Random(0-5);bubbleSortAiverson1;86804212
4000;Random(0-4000);bubbleSortAiverson1;92195076
4000;AlmostSorted;bubbleSortAiverson1;27843112
4000;ReversedSorted;bubbleSortAiverson1;111984002
4100;Random(0-5);bubbleSortAiverson1;91138122
4100;Random(0-4000);bubbleSortAiverson1;96787336
4100;AlmostSorted;bubbleSortAiverson1;77806102
4100;ReversedSorted;bubbleSortAiverson1;117653602
50;Random(0-5);bubbleSortAiversonAll;9862
50;Random(0-4000);bubbleSortAiversonAll;10869
50;AlmostSorted;bubbleSortAiversonAll;1167
50;ReversedSorted;bubbleSortAiversonAll;15056
100;Random(0-5);bubbleSortAiversonAll;36495
100;Random(0-4000);bubbleSortAiversonAll;41035
100;AlmostSorted;bubbleSortAiversonAll;11663
100;ReversedSorted;bubbleSortAiversonAll;60106
150;Random(0-5);bubbleSortAiversonAll;90561
150;Random(0-4000);bubbleSortAiversonAll;97025
150;AlmostSorted;bubbleSortAiversonAll;13949
150;ReversedSorted;bubbleSortAiversonAll;135156
200;Random(0-5);bubbleSortAiversonAll;165211
200;Random(0-4000);bubbleSortAiversonAll;176685
200;AlmostSorted;bubbleSortAiversonAll;17015
200;ReversedSorted;bubbleSortAiversonAll;240206
250;Random(0-5);bubbleSortAiversonAll;264665
250;Random(0-4000);bubbleSortAiversonAll;283935
250;AlmostSorted;bubbleSortAiversonAll;19715
250;ReversedSorted;bubbleSortAiversonAll;375256
300;Random(0-5);bubbleSortAiversonAll;379185
300;Random(0-4000);bubbleSortAiversonAll;406071
300;AlmostSorted;bubbleSortAiversonAll;28481
300;ReversedSorted;bubbleSortAiversonAll;540306
400;Random(0-5);bubbleSortAiversonAll;670464
400;Random(0-4000);bubbleSortAiversonAll;720707
400;AlmostSorted;bubbleSortAiversonAll;399381
400;ReversedSorted;bubbleSortAiversonAll;960406
500;Random(0-5);bubbleSortAiversonAll;1042809
500;Random(0-4000);bubbleSortAiversonAll;1118549
500;AlmostSorted;bubbleSortAiversonAll;746128
500;ReversedSorted;bubbleSortAiversonAll;1500506
600;Random(0-5);bubbleSortAiversonAll;1500792
600;Random(0-4000);bubbleSortAiversonAll;1610727
600;AlmostSorted;bubbleSortAiversonAll;753664
600;ReversedSorted;bubbleSortAiversonAll;2160606
700;Random(0-5);bubbleSortAiversonAll;2048470
700;Random(0-4000);bubbleSortAiversonAll;2201781
700;AlmostSorted;bubbleSortAiversonAll;762814
700;ReversedSorted;bubbleSortAiversonAll;2940706
800;Random(0-5);bubbleSortAiversonAll;2680886
800;Random(0-4000);bubbleSortAiversonAll;2865112
800;AlmostSorted;bubbleSortAiversonAll;1690914
800;ReversedSorted;bubbleSortAiversonAll;3840806
900;Random(0-5);bubbleSortAiversonAll;3367152
900;Random(0-4000);bubbleSortAiversonAll;3624470
900;AlmostSorted;bubbleSortAiversonAll;2436272
900;ReversedSorted;bubbleSortAiversonAll;4860906
1000;Random(0-5);bubbleSortAiversonAll;4154569
1000;Random(0-4000);bubbleSortAiversonAll;4476510
1000;AlmostSorted;bubbleSortAiversonAll;2638316
1000;ReversedSorted;bubbleSortAiversonAll;6001006
1100;Random(0-5);bubbleSortAiversonAll;4985977
1100;Random(0-4000);bubbleSortAiversonAll;5387794
1100;AlmostSorted;bubbleSortAiversonAll;2640902
1100;ReversedSorted;bubbleSortAiversonAll;7261106
1200;Random(0-5);bubbleSortAiversonAll;5971151
1200;Random(0-4000);bubbleSortAiversonAll;6450816
1200;AlmostSorted;bubbleSortAiversonAll;2697224
1200;ReversedSorted;bubbleSortAiversonAll;8641206
1300;Random(0-5);bubbleSortAiversonAll;7043986
1300;Random(0-4000);bubbleSortAiversonAll;7579943
1300;AlmostSorted;bubbleSortAiversonAll;2704256
1300;ReversedSorted;bubbleSortAiversonAll;10141306
1400;Random(0-5);bubbleSortAiversonAll;8218666
1400;Random(0-4000);bubbleSortAiversonAll;8828574
1400;AlmostSorted;bubbleSortAiversonAll;2826212
1400;ReversedSorted;bubbleSortAiversonAll;11761406
1500;Random(0-5);bubbleSortAiversonAll;9414444
1500;Random(0-4000);bubbleSortAiversonAll;10118125
1500;AlmostSorted;bubbleSortAiversonAll;2837702
1500;ReversedSorted;bubbleSortAiversonAll;13501506
1600;Random(0-5);bubbleSortAiversonAll;10702225
1600;Random(0-4000);bubbleSortAiversonAll;11519037
1600;AlmostSorted;bubbleSortAiversonAll;4188692
1600;ReversedSorted;bubbleSortAiversonAll;15361606
1700;Random(0-5);bubbleSortAiversonAll;12024410
1700;Random(0-4000);bubbleSortAiversonAll;12939480
1700;AlmostSorted;bubbleSortAiversonAll;5333186
1700;ReversedSorted;bubbleSortAiversonAll;17341706
1800;Random(0-5);bubbleSortAiversonAll;13421400
1800;Random(0-4000);bubbleSortAiversonAll;14480098
1800;AlmostSorted;bubbleSortAiversonAll;5386634
1800;ReversedSorted;bubbleSortAiversonAll;19441806
1900;Random(0-5);bubbleSortAiversonAll;15026772
1900;Random(0-4000);bubbleSortAiversonAll;16213053
1900;AlmostSorted;bubbleSortAiversonAll;5913464
1900;ReversedSorted;bubbleSortAiversonAll;21661906
2000;Random(0-5);bubbleSortAiversonAll;16652940
2000;Random(0-4000);bubbleSortAiversonAll;17964440
2000;AlmostSorted;bubbleSortAiversonAll;7914386
2000;ReversedSorted;bubbleSortAiversonAll;24002006
2100;Random(0-5);bubbleSortAiversonAll;18449481
2100;Random(0-4000);bubbleSortAiversonAll;19905316
2100;AlmostSorted;bubbleSortAiversonAll;7917704
2100;ReversedSorted;bubbleSortAiversonAll;26462106
2200;Random(0-5);bubbleSortAiversonAll;20132499
2200;Random(0-4000);bubbleSortAiversonAll;21721279
2200;AlmostSorted;bubbleSortAiversonAll;7925888
2200;ReversedSorted;bubbleSortAiversonAll;29042206
2300;Random(0-5);bubbleSortAiversonAll;22169998
2300;Random(0-4000);bubbleSortAiversonAll;23894130
2300;AlmostSorted;bubbleSortAiversonAll;7933220
2300;ReversedSorted;bubbleSortAiversonAll;31742306
2400;Random(0-5);bubbleSortAiversonAll;24140797
2400;Random(0-4000);bubbleSortAiversonAll;26025124
2400;AlmostSorted;bubbleSortAiversonAll;8739752
2400;ReversedSorted;bubbleSortAiversonAll;34562406
2500;Random(0-5);bubbleSortAiversonAll;26150132
2500;Random(0-4000);bubbleSortAiversonAll;28205577
2500;AlmostSorted;bubbleSortAiversonAll;8851646
2500;ReversedSorted;bubbleSortAiversonAll;37502506
2600;Random(0-5);bubbleSortAiversonAll;28090245
2600;Random(0-4000);bubbleSortAiversonAll;30352187
2600;AlmostSorted;bubbleSortAiversonAll;9253868
2600;ReversedSorted;bubbleSortAiversonAll;40562606
2700;Random(0-5);bubbleSortAiversonAll;30462026
2700;Random(0-4000);bubbleSortAiversonAll;32852333
2700;AlmostSorted;bubbleSortAiversonAll;10576538
2700;ReversedSorted;bubbleSortAiversonAll;43742706
2800;Random(0-5);bubbleSortAiversonAll;32701172
2800;Random(0-4000);bubbleSortAiversonAll;35301345
2800;AlmostSorted;bubbleSortAiversonAll;10832786
2800;ReversedSorted;bubbleSortAiversonAll;47042806
2900;Random(0-5);bubbleSortAiversonAll;35111464
2900;Random(0-4000);bubbleSortAiversonAll;37936291
2900;AlmostSorted;bubbleSortAiversonAll;11013380
2900;ReversedSorted;bubbleSortAiversonAll;50462906
3000;Random(0-5);bubbleSortAiversonAll;37636987
3000;Random(0-4000);bubbleSortAiversonAll;40622820
3000;AlmostSorted;bubbleSortAiversonAll;11326766
3000;ReversedSorted;bubbleSortAiversonAll;54003006
3100;Random(0-5);bubbleSortAiversonAll;40091421
3100;Random(0-4000);bubbleSortAiversonAll;43286553
3100;AlmostSorted;bubbleSortAiversonAll;11332070
3100;ReversedSorted;bubbleSortAiversonAll;57663106
3200;Random(0-5);bubbleSortAiversonAll;42719197
3200;Random(0-4000);bubbleSortAiversonAll;46096538
3200;AlmostSorted;bubbleSortAiversonAll;11500370
3200;ReversedSorted;bubbleSortAiversonAll;61443206
3300;Random(0-5);bubbleSortAiversonAll;45448287
3300;Random(0-4000);bubbleSortAiversonAll;49064446
3300;AlmostSorted;bubbleSortAiversonAll;11508368
3300;ReversedSorted;bubbleSortAiversonAll;65343306
3400;Random(0-5);bubbleSortAiversonAll;48341244
3400;Random(0-4000);bubbleSortAiversonAll;52201325
3400;AlmostSorted;bubbleSortAiversonAll;11525078
3400;ReversedSorted;bubbleSortAiversonAll;69363406
3500;Random(0-5);bubbleSortAiversonAll;51219118
3500;Random(0-4000);bubbleSortAiversonAll;55357408
3500;AlmostSorted;bubbleSortAiversonAll;11541458
3500;ReversedSorted;bubbleSortAiversonAll;73503506
3600;Random(0-5);bubbleSortAiversonAll;54212239
3600;Random(0-4000);bubbleSortAiversonAll;58555550
3600;AlmostSorted;bubbleSortAiversonAll;12234686
3600;ReversedSorted;bubbleSortAiversonAll;77763606
3700;Random(0-5);bubbleSortAiversonAll;57310411
3700;Random(0-4000);bubbleSortAiversonAll;61924557
3700;AlmostSorted;bubbleSortAiversonAll;14241188
3700;ReversedSorted;bubbleSortAiversonAll;82143706
3800;Random(0-5);bubbleSortAiversonAll;60444805
3800;Random(0-4000);bubbleSortAiversonAll;65300450
3800;AlmostSorted;bubbleSortAiversonAll;14328068
3800;ReversedSorted;bubbleSortAiversonAll;86643806
3900;Random(0-5);bubbleSortAiversonAll;63575992
3900;Random(0-4000);bubbleSortAiversonAll;68642655
3900;AlmostSorted;bubbleSortAiversonAll;17193206
3900;ReversedSorted;bubbleSortAiversonAll;91263906
4000;Random(0-5);bubbleSortAiversonAll;66896640
4000;Random(0-4000);bubbleSortAiversonAll;72238177
4000;AlmostSorted;bubbleSortAiversonAll;18290702
4000;ReversedSorted;bubbleSortAiversonAll;96004006
4100;Random(0-5);bubbleSortAiversonAll;70191188
4100;Random(0-4000);bubbleSortAiversonAll;75825719
4100;AlmostSorted;bubbleSortAiversonAll;53070526
4100;ReversedSorted;bubbleSortAiversonAll;100864106
50;Random(0-5);insertionSort;5201
50;Random(0-4000);insertionSort;6441
50;AlmostSorted;insertionSort;901
50;ReversedSorted;insertionSort;12691
100;Random(0-5);insertionSort;18291
100;Random(0-4000);insertionSort;22911
100;AlmostSorted;insertionSort;2651
100;ReversedSorted;insertionSort;50391
150;Random(0-5);insertionSort;43351
150;Random(0-4000);insertionSort;52651
150;AlmostSorted;insertionSort;4511
150;ReversedSorted;insertionSort;113091
200;Random(0-5);insertionSort;80111
200;Random(0-4000);insertionSort;96491
200;AlmostSorted;insertionSort;6671
200;ReversedSorted;insertionSort;200791
250;Random(0-5);insertionSort;137251
250;Random(0-4000);insertionSort;163081
250;AlmostSorted;insertionSort;9121
250;ReversedSorted;insertionSort;313491
300;Random(0-5);insertionSort;195041
300;Random(0-4000);insertionSort;230851
300;AlmostSorted;insertionSort;12081
300;ReversedSorted;insertionSort;451191
400;Random(0-5);insertionSort;343811
400;Random(0-4000);insertionSort;410831
400;AlmostSorted;insertionSort;25351
400;ReversedSorted;insertionSort;801591
500;Random(0-5);insertionSort;527931
500;Random(0-4000);insertionSort;631151
500;AlmostSorted;insertionSort;36621
500;ReversedSorted;insertionSort;1251991
600;Random(0-5);insertionSort;760521
600;Random(0-4000);insertionSort;907411
600;AlmostSorted;insertionSort;43041
600;ReversedSorted;insertionSort;1802391
700;Random(0-5);insertionSort;1038491
700;Random(0-4000);insertionSort;1239241
700;AlmostSorted;insertionSort;50151
700;ReversedSorted;insertionSort;2452791
800;Random(0-5);insertionSort;1352931
800;Random(0-4000);insertionSort;1618311
800;AlmostSorted;insertionSort;70221
800;ReversedSorted;insertionSort;3203191
900;Random(0-5);insertionSort;1676191
900;Random(0-4000);insertionSort;2012971
900;AlmostSorted;insertionSort;89441
900;ReversedSorted;insertionSort;4053591
1000;Random(0-5);insertionSort;2074181
1000;Random(0-4000);insertionSort;2492721
1000;AlmostSorted;insertionSort;94501
1000;ReversedSorted;insertionSort;5003991
1100;Random(0-5);insertionSort;2488451
1100;Random(0-4000);insertionSort;3001671
1100;AlmostSorted;insertionSort;96611
1100;ReversedSorted;insertionSort;6054391
1200;Random(0-5);insertionSort;2981471
1200;Random(0-4000);insertionSort;3586801
1200;AlmostSorted;insertionSort;100811
1200;ReversedSorted;insertionSort;7204791
1300;Random(0-5);insertionSort;3502431
1300;Random(0-4000);insertionSort;4209311
1300;AlmostSorted;insertionSort;106101
1300;ReversedSorted;insertionSort;8455191
1400;Random(0-5);insertionSort;4162731
1400;Random(0-4000);insertionSort;4977981
1400;AlmostSorted;insertionSort;114321
1400;ReversedSorted;insertionSort;9805591
1500;Random(0-5);insertionSort;4748441
1500;Random(0-4000);insertionSort;5681961
1500;AlmostSorted;insertionSort;121891
1500;ReversedSorted;insertionSort;11255991
1600;Random(0-5);insertionSort;5385791
1600;Random(0-4000);insertionSort;6447371
1600;AlmostSorted;insertionSort;138011
1600;ReversedSorted;insertionSort;12806391
1700;Random(0-5);insertionSort;5977351
1700;Random(0-4000);insertionSort;7172901
1700;AlmostSorted;insertionSort;157431
1700;ReversedSorted;insertionSort;14456791
1800;Random(0-5);insertionSort;6695571
1800;Random(0-4000);insertionSort;8043891
1800;AlmostSorted;insertionSort;166191
1800;ReversedSorted;insertionSort;16207191
1900;Random(0-5);insertionSort;7525421
1900;Random(0-4000);insertionSort;9018281
1900;AlmostSorted;insertionSort;182361
1900;ReversedSorted;insertionSort;18057591
2000;Random(0-5);insertionSort;8368391
2000;Random(0-4000);insertionSort;10029111
2000;AlmostSorted;insertionSort;209971
2000;ReversedSorted;insertionSort;20007991
2100;Random(0-5);insertionSort;9367301
2100;Random(0-4000);insertionSort;11183861
2100;AlmostSorted;insertionSort;212281
2100;ReversedSorted;insertionSort;22058391
2200;Random(0-5);insertionSort;10161801
2200;Random(0-4000);insertionSort;12151801
2200;AlmostSorted;insertionSort;217081
2200;ReversedSorted;insertionSort;24208791
2300;Random(0-5);insertionSort;11260651
2300;Random(0-4000);insertionSort;13446891
2300;AlmostSorted;insertionSort;222821
2300;ReversedSorted;insertionSort;26459191
2400;Random(0-5);insertionSort;12283111
2400;Random(0-4000);insertionSort;14662341
2400;AlmostSorted;insertionSort;233941
2400;ReversedSorted;insertionSort;28809591
2500;Random(0-5);insertionSort;13249121
2500;Random(0-4000);insertionSort;15825341
2500;AlmostSorted;insertionSort;246591
2500;ReversedSorted;insertionSort;31259991
2600;Random(0-5);insertionSort;14243571
2600;Random(0-4000);insertionSort;17033791
2600;AlmostSorted;insertionSort;262121
2600;ReversedSorted;insertionSort;33810391
2700;Random(0-5);insertionSort;15346291
2700;Random(0-4000);insertionSort;18367251
2700;AlmostSorted;insertionSort;286451
2700;ReversedSorted;insertionSort;36460791
2800;Random(0-5);insertionSort;16406921
2800;Random(0-4000);insertionSort;19681281
2800;AlmostSorted;insertionSort;302611
2800;ReversedSorted;insertionSort;39211191
2900;Random(0-5);insertionSort;17780211
2900;Random(0-4000);insertionSort;21306861
2900;AlmostSorted;insertionSort;314731
2900;ReversedSorted;insertionSort;42061591
3000;Random(0-5);insertionSort;19078261
3000;Random(0-4000);insertionSort;22857941
3000;AlmostSorted;insertionSort;324801
3000;ReversedSorted;insertionSort;45011991
3100;Random(0-5);insertionSort;20243921
3100;Random(0-4000);insertionSort;24270221
3100;AlmostSorted;insertionSort;327101
3100;ReversedSorted;insertionSort;48062391
3200;Random(0-5);insertionSort;21434941
3200;Random(0-4000);insertionSort;25723111
3200;AlmostSorted;insertionSort;333101
3200;ReversedSorted;insertionSort;51212791
3300;Random(0-5);insertionSort;22853421
3300;Random(0-4000);insertionSort;27394711
3300;AlmostSorted;insertionSort;339271
3300;ReversedSorted;insertionSort;54463191
3400;Random(0-5);insertionSort;24399201
3400;Random(0-4000);insertionSort;29222261
3400;AlmostSorted;insertionSort;348371
3400;ReversedSorted;insertionSort;57813591
3500;Random(0-5);insertionSort;25985731
3500;Random(0-4000);insertionSort;31106681
3500;AlmostSorted;insertionSort;361041
3500;ReversedSorted;insertionSort;61263991
3600;Random(0-5);insertionSort;27432791
3600;Random(0-4000);insertionSort;32841871
3600;AlmostSorted;insertionSort;375891
3600;ReversedSorted;insertionSort;64814391
3700;Random(0-5);insertionSort;29070721
3700;Random(0-4000);insertionSort;34791631
3700;AlmostSorted;insertionSort;403091
3700;ReversedSorted;insertionSort;68464791
3800;Random(0-5);insertionSort;30621721
3800;Random(0-4000);insertionSort;36658931
3800;AlmostSorted;insertionSort;417281
3800;ReversedSorted;insertionSort;72215191
3900;Random(0-5);insertionSort;32199731
3900;Random(0-4000);insertionSort;38549841
3900;AlmostSorted;insertionSort;437851
3900;ReversedSorted;insertionSort;76065591
4000;Random(0-5);insertionSort;33840481
4000;Random(0-4000);insertionSort;40526051
4000;AlmostSorted;insertionSort;461191
4000;ReversedSorted;insertionSort;80015991
4100;Random(0-5);insertionSort;35468561
4100;Random(0-4000);insertionSort;42469651
4100;AlmostSorted;insertionSort;4461091
4100;ReversedSorted;insertionSort;84066391
50;Random(0-5);binaryInsertionSort;6373
50;Random(0-4000);binaryInsertionSort;5817
50;AlmostSorted;binaryInsertionSort;2493
50;ReversedSorted;binaryInsertionSort;9335
100;Random(0-5);binaryInsertionSort;20479
100;Random(0-4000);binaryInsertionSort;18391
100;AlmostSorted;binaryInsertionSort;6187
100;ReversedSorted;binaryInsertionSort;34431
150;Random(0-5);binaryInsertionSort;44667
150;Random(0-4000);binaryInsertionSort;39197
150;AlmostSorted;binaryInsertionSort;10283
150;ReversedSorted;binaryInsertionSort;74815
200;Random(0-5);binaryInsertionSort;78873
200;Random(0-4000);binaryInsertionSort;68699
200;AlmostSorted;binaryInsertionSort;14879
200;ReversedSorted;binaryInsertionSort;130415
250;Random(0-5);binaryInsertionSort;127501
250;Random(0-4000);binaryInsertionSort;111997
250;AlmostSorted;binaryInsertionSort;19729
250;ReversedSorted;binaryInsertionSort;201015
300;Random(0-5);binaryInsertionSort;178911
300;Random(0-4000);binaryInsertionSort;156063
300;AlmostSorted;binaryInsertionSort;24941
300;ReversedSorted;binaryInsertionSort;286975
400;Random(0-5);binaryInsertionSort;310001
400;Random(0-4000);binaryInsertionSort;271293
400;AlmostSorted;binaryInsertionSort;39983
400;ReversedSorted;binaryInsertionSort;503975
500;Random(0-5);binaryInsertionSort;472985
500;Random(0-4000);binaryInsertionSort;411009
500;AlmostSorted;binaryInsertionSort;54305
500;ReversedSorted;binaryInsertionSort;780975
600;Random(0-5);binaryInsertionSort;674595
600;Random(0-4000);binaryInsertionSort;584505
600;AlmostSorted;binaryInsertionSort;65917
600;ReversedSorted;binaryInsertionSort;1118687
700;Random(0-5);binaryInsertionSort;913641
700;Random(0-4000);binaryInsertionSort;791611
700;AlmostSorted;binaryInsertionSort;78543
700;ReversedSorted;binaryInsertionSort;1516487
800;Random(0-5);binaryInsertionSort;1185319
800;Random(0-4000);binaryInsertionSort;1027129
800;AlmostSorted;binaryInsertionSort;98833
800;ReversedSorted;binaryInsertionSort;1974287
900;Random(0-5);binaryInsertionSort;1471697
900;Random(0-4000);binaryInsertionSort;1272275
900;AlmostSorted;binaryInsertionSort;118725
900;ReversedSorted;binaryInsertionSort;2492087
1000;Random(0-5);binaryInsertionSort;1813777
1000;Random(0-4000);binaryInsertionSort;1568573
1000;AlmostSorted;binaryInsertionSort;130121
1000;ReversedSorted;binaryInsertionSort;3069887
1100;Random(0-5);binaryInsertionSort;2175443
1100;Random(0-4000);binaryInsertionSort;1882491
1100;AlmostSorted;binaryInsertionSort;140027
1100;ReversedSorted;binaryInsertionSort;3708303
1200;Random(0-5);binaryInsertionSort;2594525
1200;Random(0-4000);binaryInsertionSort;2242291
1200;AlmostSorted;binaryInsertionSort;150923
1200;ReversedSorted;binaryInsertionSort;4406903
1300;Random(0-5);binaryInsertionSort;3040435
1300;Random(0-4000);binaryInsertionSort;2624715
1300;AlmostSorted;binaryInsertionSort;162905
1300;ReversedSorted;binaryInsertionSort;5165503
1400;Random(0-5);binaryInsertionSort;3579721
1400;Random(0-4000);binaryInsertionSort;3094963
1400;AlmostSorted;binaryInsertionSort;176989
1400;ReversedSorted;binaryInsertionSort;5984103
1500;Random(0-5);binaryInsertionSort;4084053
1500;Random(0-4000);binaryInsertionSort;3526373
1500;AlmostSorted;binaryInsertionSort;190515
1500;ReversedSorted;binaryInsertionSort;6862703
1600;Random(0-5);binaryInsertionSort;4630029
1600;Random(0-4000);binaryInsertionSort;3994705
1600;AlmostSorted;binaryInsertionSort;209339
1600;ReversedSorted;binaryInsertionSort;7801303
1700;Random(0-5);binaryInsertionSort;5159253
1700;Random(0-4000);binaryInsertionSort;4439089
1700;AlmostSorted;binaryInsertionSort;230095
1700;ReversedSorted;binaryInsertionSort;8799903
1800;Random(0-5);binaryInsertionSort;5774193
1800;Random(0-4000);binaryInsertionSort;4971015
1800;AlmostSorted;binaryInsertionSort;244191
1800;ReversedSorted;binaryInsertionSort;9858503
1900;Random(0-5);binaryInsertionSort;6465437
1900;Random(0-4000);binaryInsertionSort;5564961
1900;AlmostSorted;binaryInsertionSort;263053
1900;ReversedSorted;binaryInsertionSort;10977103
2000;Random(0-5);binaryInsertionSort;7174917
2000;Random(0-4000);binaryInsertionSort;6180887
2000;AlmostSorted;binaryInsertionSort;288779
2000;ReversedSorted;binaryInsertionSort;12155703
2100;Random(0-5);binaryInsertionSort;7987897
2100;Random(0-4000);binaryInsertionSort;6883195
2100;AlmostSorted;binaryInsertionSort;299429
2100;ReversedSorted;binaryInsertionSort;13394727
2200;Random(0-5);binaryInsertionSort;8689339
2200;Random(0-4000);binaryInsertionSort;7473489
2200;AlmostSorted;binaryInsertionSort;311469
2200;ReversedSorted;binaryInsertionSort;14694127
2300;Random(0-5);binaryInsertionSort;9583463
2300;Random(0-4000);binaryInsertionSort;8260195
2300;AlmostSorted;binaryInsertionSort;324089
2300;ReversedSorted;binaryInsertionSort;16053527
2400;Random(0-5);binaryInsertionSort;10441343
2400;Random(0-4000);binaryInsertionSort;8999201
2400;AlmostSorted;binaryInsertionSort;340041
2400;ReversedSorted;binaryInsertionSort;17472927
2500;Random(0-5);binaryInsertionSort;11273803
2500;Random(0-4000);binaryInsertionSort;9706677
2500;AlmostSorted;binaryInsertionSort;356975
2500;ReversedSorted;binaryInsertionSort;18952327
2600;Random(0-5);binaryInsertionSort;12135355
2600;Random(0-4000);binaryInsertionSort;10441541
2600;AlmostSorted;binaryInsertionSort;376237
2600;ReversedSorted;binaryInsertionSort;20491727
2700;Random(0-5);binaryInsertionSort;13071897
2700;Random(0-4000);binaryInsertionSort;11251583
2700;AlmostSorted;binaryInsertionSort;400147
2700;ReversedSorted;binaryInsertionSort;22091127
2800;Random(0-5);binaryInsertionSort;13993655
2800;Random(0-4000);binaryInsertionSort;12049951
2800;AlmostSorted;binaryInsertionSort;419419
2800;ReversedSorted;binaryInsertionSort;23750527
2900;Random(0-5);binaryInsertionSort;15112269
2900;Random(0-4000);binaryInsertionSort;13035345
2900;AlmostSorted;binaryInsertionSort;436171
2900;ReversedSorted;binaryInsertionSort;25469927
3000;Random(0-5);binaryInsertionSort;16195321
3000;Random(0-4000);binaryInsertionSort;13975981
3000;AlmostSorted;binaryInsertionSort;452029
3000;ReversedSorted;binaryInsertionSort;27249327
3100;Random(0-5);binaryInsertionSort;17209815
3100;Random(0-4000);binaryInsertionSort;14833495
3100;AlmostSorted;binaryInsertionSort;463369
3100;ReversedSorted;binaryInsertionSort;29088727
3200;Random(0-5);binaryInsertionSort;18248925
3200;Random(0-4000);binaryInsertionSort;15715339
3200;AlmostSorted;binaryInsertionSort;476929
3200;ReversedSorted;binaryInsertionSort;30988127
3300;Random(0-5);binaryInsertionSort;19435475
3300;Random(0-4000);binaryInsertionSort;16728501
3300;AlmostSorted;binaryInsertionSort;490335
3300;ReversedSorted;binaryInsertionSort;32947527
3400;Random(0-5);binaryInsertionSort;20706259
3400;Random(0-4000);binaryInsertionSort;17835265
3400;AlmostSorted;binaryInsertionSort;505619
3400;ReversedSorted;binaryInsertionSort;34966927
3500;Random(0-5);binaryInsertionSort;22011545
3500;Random(0-4000);binaryInsertionSort;18976225
3500;AlmostSorted;binaryInsertionSort;523173
3500;ReversedSorted;binaryInsertionSort;37046327
3600;Random(0-5);binaryInsertionSort;23244969
3600;Random(0-4000);binaryInsertionSort;20027785
3600;AlmostSorted;binaryInsertionSort;542043
3600;ReversedSorted;binaryInsertionSort;39185727
3700;Random(0-5);binaryInsertionSort;24603157
3700;Random(0-4000);binaryInsertionSort;21208007
3700;AlmostSorted;binaryInsertionSort;568315
3700;ReversedSorted;binaryInsertionSort;41385127
3800;Random(0-5);binaryInsertionSort;25918197
3800;Random(0-4000);binaryInsertionSort;22338783
3800;AlmostSorted;binaryInsertionSort;586789
3800;ReversedSorted;binaryInsertionSort;43644527
3900;Random(0-5);binaryInsertionSort;27261093
3900;Random(0-4000);binaryInsertionSort;23483819
3900;AlmostSorted;binaryInsertionSort;609091
3900;ReversedSorted;binaryInsertionSort;45963927
4000;Random(0-5);binaryInsertionSort;28650287
4000;Random(0-4000);binaryInsertionSort;24680147
4000;AlmostSorted;binaryInsertionSort;633055
4000;ReversedSorted;binaryInsertionSort;48343327
4100;Random(0-5);binaryInsertionSort;30041749
4100;Random(0-4000);binaryInsertionSort;25856763
4100;AlmostSorted;binaryInsertionSort;3072495
4100;ReversedSorted;binaryInsertionSort;50782767
50;Random(0-5);stableCountingSort;29459
50;Random(0-4000);stableCountingSort;29459
50;AlmostSorted;stableCountingSort;29459
50;ReversedSorted;stableCountingSort;29459
100;Random(0-5);stableCountingSort;30209
100;Random(0-4000);stableCountingSort;30209
100;AlmostSorted;stableCountingSort;30209
100;ReversedSorted;stableCountingSort;30209
150;Random(0-5);stableCountingSort;30959
150;Random(0-4000);stableCountingSort;30959
150;AlmostSorted;stableCountingSort;30959
150;ReversedSorted;stableCountingSort;30959
200;Random(0-5);stableCountingSort;31709
200;Random(0-4000);stableCountingSort;31709
200;AlmostSorted;stableCountingSort;31709
200;ReversedSorted;stableCountingSort;31709
250;Random(0-5);stableCountingSort;32459
250;Random(0-4000);stableCountingSort;32459
250;AlmostSorted;stableCountingSort;32459
250;ReversedSorted;stableCountingSort;32459
300;Random(0-5);stableCountingSort;33209
300;Random(0-4000);stableCountingSort;33209
300;AlmostSorted;stableCountingSort;33209
300;ReversedSorted;stableCountingSort;33209
400;Random(0-5);stableCountingSort;34709
400;Random(0-4000);stableCountingSort;34709
400;AlmostSorted;stableCountingSort;34709
400;ReversedSorted;stableCountingSort;34709
500;Random(0-5);stableCountingSort;36209
500;Random(0-4000);stableCountingSort;36209
500;AlmostSorted;stableCountingSort;36209
500;ReversedSorted;stableCountingSort;36209
600;Random(0-5);stableCountingSort;37709
600;Random(0-4000);stableCountingSort;37709
600;AlmostSorted;stableCountingSort;37709
600;ReversedSorted;stableCountingSort;37709
700;Random(0-5);stableCountingSort;39209
700;Random(0-4000);stableCountingSort;39209
700;AlmostSorted;stableCountingSort;39209
700;ReversedSorted;stableCountingSort;39209
800;Random(0-5);stableCountingSort;40709
800;Random(0-4000);stableCountingSort;40709
800;AlmostSorted;stableCountingSort;40709
800;ReversedSorted;stableCountingSort;40709
900;Random(0-5);stableCountingSort;42209
900;Random(0-4000);stableCountingSort;42209
900;AlmostSorted;stableCountingSort;42209
900;ReversedSorted;stableCountingSort;42209
1000;Random(0-5);stableCountingSort;43709
1000;Random(0-4000);stableCountingSort;43709
1000;AlmostSorted;stableCountingSort;43709
1000;ReversedSorted;stableCountingSort;43709
1100;Random(0-5);stableCountingSort;45209
1100;Random(0-4000);stableCountingSort;45209
1100;AlmostSorted;stableCountingSort;45209
1100;ReversedSorted;stableCountingSort;45209
1200;Random(0-5);stableCountingSort;46709
1200;Random(0-4000);stableCountingSort;46709
1200;AlmostSorted;stableCountingSort;46709
1200;ReversedSorted;stableCountingSort;46709
1300;Random(0-5);stableCountingSort;48209
1300;Random(0-4000);stableCountingSort;48209
1300;AlmostSorted;stableCountingSort;48209
1300;ReversedSorted;stableCountingSort;48209
1400;Random(0-5);stableCountingSort;49709
1400;Random(0-4000);stableCountingSort;49709
1400;AlmostSorted;stableCountingSort;49709
1400;ReversedSorted;stableCountingSort;49709
1500;Random(0-5);stableCountingSort;51209
1500;Random(0-4000);stableCountingSort;51209
1500;AlmostSorted;stableCountingSort;51209
1500;ReversedSorted;stableCountingSort;51209
1600;Random(0-5);stableCountingSort;52709
1600;Random(0-4000);stableCountingSort;52709
1600;AlmostSorted;stableCountingSort;52709
1600;ReversedSorted;stableCountingSort;52709
1700;Random(0-5);stableCountingSort;54209
1700;Random(0-4000);stableCountingSort;54209
1700;AlmostSorted;stableCountingSort;54209
1700;ReversedSorted;stableCountingSort;54209
1800;Random(0-5);stableCountingSort;55709
1800;Random(0-4000);stableCountingSort;55709
1800;AlmostSorted;stableCountingSort;55709
1800;ReversedSorted;stableCountingSort;55709
1900;Random(0-5);stableCountingSort;57209
1900;Random(0-4000);stableCountingSort;57209
1900;AlmostSorted;stableCountingSort;57209
1900;ReversedSorted;stableCountingSort;57209
2000;Random(0-5);stableCountingSort;58709
2000;Random(0-4000);stableCountingSort;58709
2000;AlmostSorted;stableCountingSort;58709
2000;ReversedSorted;stableCountingSort;58709
2100;Random(0-5);stableCountingSort;60209
2100;Random(0-4000);stableCountingSort;60209
2100;AlmostSorted;stableCountingSort;60209
2100;ReversedSorted;stableCountingSort;60209
2200;Random(0-5);stableCountingSort;61709
2200;Random(0-4000);stableCountingSort;61709
2200;AlmostSorted;stableCountingSort;61709
2200;ReversedSorted;stableCountingSort;61709
2300;Random(0-5);stableCountingSort;63209
2300;Random(0-4000);stableCountingSort;63209
2300;AlmostSorted;stableCountingSort;63209
2300;ReversedSorted;stableCountingSort;63209
2400;Random(0-5);stableCountingSort;64709
2400;Random(0-4000);stableCountingSort;64709
2400;AlmostSorted;stableCountingSort;64709
2400;ReversedSorted;stableCountingSort;64709
2500;Random(0-5);stableCountingSort;66209
2500;Random(0-4000);stableCountingSort;66209
2500;AlmostSorted;stableCountingSort;66209
2500;ReversedSorted;stableCountingSort;66209
2600;Random(0-5);stableCountingSort;67709
2600;Random(0-4000);stableCountingSort;67709
2600;AlmostSorted;stableCountingSort;67709
2600;ReversedSorted;stableCountingSort;67709
2700;Random(0-5);stableCountingSort;69209
2700;Random(0-4000);stableCountingSort;69209
2700;AlmostSorted;stableCountingSort;69209
2700;ReversedSorted;stableCountingSort;69209
2800;Random(0-5);stableCountingSort;70709
2800;Random(0-4000);stableCountingSort;70709
2800;AlmostSorted;stableCountingSort;70709
2800;ReversedSorted;stableCountingSort;70709
2900;Random(0-5);stableCountingSort;72209
2900;Random(0-4000);stableCountingSort;72209
2900;AlmostSorted;stableCountingSort;72209
2900;ReversedSorted;stableCountingSort;72209
3000;Random(0-5);stableCountingSort;73709
3000;Random(0-4000);stableCountingSort;73709
3000;AlmostSorted;stableCountingSort;73709
3000;ReversedSorted;stableCountingSort;73709
3100;Random(0-5);stableCountingSort;75209
3100;Random(0-4000);stableCountingSort;75209
3100;AlmostSorted;stableCountingSort;75209
3100;ReversedSorted;stableCountingSort;75209
3200;Random(0-5);stableCountingSort;76709
3200;Random(0-4000);stableCountingSort;76709
3200;AlmostSorted;stableCountingSort;76709
3200;ReversedSorted;stableCountingSort;76709
3300;Random(0-5);stableCountingSort;78209
3300;Random(0-4000);stableCountingSort;78209
3300;AlmostSorted;stableCountingSort;78209
3300;ReversedSorted;stableCountingSort;78209
3400;Random(0-5);stableCountingSort;79709
3400;Random(0-4000);stableCountingSort;79709
3400;AlmostSorted;stableCountingSort;79709
3400;ReversedSorted;stableCountingSort;79709
3500;Random(0-5);stableCountingSort;81209
3500;Random(0-4000);stableCountingSort;81209
3500;AlmostSorted;stableCountingSort;81209
3500;ReversedSorted;stableCountingSort;81209
3600;Random(0-5);stableCountingSort;82709
3600;Random(0-4000);stableCountingSort;82709
3600;AlmostSorted;stableCountingSort;82709
3600;ReversedSorted;stableCountingSort;82709
3700;Random(0-5);stableCountingSort;84209
3700;Random(0-4000);stableCountingSort;84209
3700;AlmostSorted;stableCountingSort;84209
3700;ReversedSorted;stableCountingSort;84209
3800;Random(0-5);stableCountingSort;85709
3800;Random(0-4000);stableCountingSort;85709
3800;AlmostSorted;stableCountingSort;85709
3800;ReversedSorted;stableCountingSort;85709
3900;Random(0-5);stableCountingSort;87209
3900;Random(0-4000);stableCountingSort;87209
3900;AlmostSorted;stableCountingSort;87209
3900;ReversedSorted;stableCountingSort;87209
4000;Random(0-5);stableCountingSort;88709
4000;Random(0-4000);stableCountingSort;88709
4000;AlmostSorted;stableCountingSort;88709
4000;ReversedSorted;stableCountingSort;88709
4100;Random(0-5);stableCountingSort;90209
4100;Random(0-4000);stableCountingSort;90209
4100;AlmostSorted;stableCountingSort;90209
4100;ReversedSorted;stableCountingSort;90209
50;Random(0-5);radixSort;17188
50;Random(0-4000);radixSort;17188
50;AlmostSorted;radixSort;17188
50;ReversedSorted;radixSort;17188
100;Random(0-5);radixSort;22838
100;Random(0-4000);radixSort;22838
100;AlmostSorted;radixSort;22838
100;ReversedSorted;radixSort;22838
150;Random(0-5);radixSort;28488
150;Random(0-4000);radixSort;28488
150;AlmostSorted;radixSort;28488
150;ReversedSorted;radixSort;28488
200;Random(0-5);radixSort;34138
200;Random(0-4000);radixSort;34138
200;AlmostSorted;radixSort;34138
200;ReversedSorted;radixSort;34138
250;Random(0-5);radixSort;39788
250;Random(0-4000);radixSort;39788
250;AlmostSorted;radixSort;39788
250;ReversedSorted;radixSort;39788
300;Random(0-5);radixSort;45438
300;Random(0-4000);radixSort;45438
300;AlmostSorted;radixSort;45438
300;ReversedSorted;radixSort;45438
400;Random(0-5);radixSort;56738
400;Random(0-4000);radixSort;56738
400;AlmostSorted;radixSort;56738
400;ReversedSorted;radixSort;56738
500;Random(0-5);radixSort;68038
500;Random(0-4000);radixSort;68038
500;AlmostSorted;radixSort;68038
500;ReversedSorted;radixSort;68038
600;Random(0-5);radixSort;79338
600;Random(0-4000);radixSort;79338
600;AlmostSorted;radixSort;79338
600;ReversedSorted;radixSort;79338
700;Random(0-5);radixSort;90638
700;Random(0-4000);radixSort;90638
700;AlmostSorted;radixSort;90638
700;ReversedSorted;radixSort;90638
800;Random(0-5);radixSort;101938
800;Random(0-4000);radixSort;101938
800;AlmostSorted;radixSort;101938
800;ReversedSorted;radixSort;101938
900;Random(0-5);radixSort;113238
900;Random(0-4000);radixSort;113238
900;AlmostSorted;radixSort;113238
900;ReversedSorted;radixSort;113238
1000;Random(0-5);radixSort;124538
1000;Random(0-4000);radixSort;124538
1000;AlmostSorted;radixSort;124538
1000;ReversedSorted;radixSort;124538
1100;Random(0-5);radixSort;135838
1100;Random(0-4000);radixSort;135838
1100;AlmostSorted;radixSort;135838
1100;ReversedSorted;radixSort;135838
1200;Random(0-5);radixSort;147138
1200;Random(0-4000);radixSort;147138
1200;AlmostSorted;radixSort;147138
1200;ReversedSorted;radixSort;147138
1300;Random(0-5);radixSort;158438
1300;Random(0-4000);radixSort;158438
1300;AlmostSorted;radixSort;158438
1300;ReversedSorted;radixSort;158438
1400;Random(0-5);radixSort;169738
1400;Random(0-4000);radixSort;169738
1400;AlmostSorted;radixSort;169738
1400;ReversedSorted;radixSort;169738
1500;Random(0-5);radixSort;181038
1500;Random(0-4000);radixSort;181038
1500;AlmostSorted;radixSort;181038
1500;ReversedSorted;radixSort;181038
1600;Random(0-5);radixSort;192338
1600;Random(0-4000);radixSort;192338
1600;AlmostSorted;radixSort;192338
1600;ReversedSorted;radixSort;192338
1700;Random(0-5);radixSort;203638
1700;Random(0-4000);radixSort;203638
1700;AlmostSorted;radixSort;203638
1700;ReversedSorted;radixSort;203638
1800;Random(0-5);radixSort;214938
1800;Random(0-4000);radixSort;214938
1800;AlmostSorted;radixSort;214938
1800;ReversedSorted;radixSort;214938
1900;Random(0-5);radixSort;226238
1900;Random(0-4000);radixSort;226238
1900;AlmostSorted;radixSort;226238
1900;ReversedSorted;radixSort;226238
2000;Random(0-5);radixSort;237538
2000;Random(0-4000);radixSort;237538
2000;AlmostSorted;radixSort;237538
2000;ReversedSorted;radixSort;237538
2100;Random(0-5);radixSort;248838
2100;Random(0-4000);radixSort;248838
2100;AlmostSorted;radixSort;248838
2100;ReversedSorted;radixSort;248838
2200;Random(0-5);radixSort;260138
2200;Random(0-4000);radixSort;260138
2200;AlmostSorted;radixSort;260138
2200;ReversedSorted;radixSort;260138
2300;Random(0-5);radixSort;271438
2300;Random(0-4000);radixSort;271438
2300;AlmostSorted;radixSort;271438
2300;ReversedSorted;radixSort;271438
2400;Random(0-5);radixSort;282738
2400;Random(0-4000);radixSort;282738
2400;AlmostSorted;radixSort;282738
2400;ReversedSorted;radixSort;282738
2500;Random(0-5);radixSort;294038
2500;Random(0-4000);radixSort;294038
2500;AlmostSorted;radixSort;294038
2500;ReversedSorted;radixSort;294038
2600;Random(0-5);radixSort;305338
2600;Random(0-4000);radixSort;305338
2600;AlmostSorted;radixSort;305338
2600;ReversedSorted;radixSort;305338
2700;Random(0-5);radixSort;316638
2700;Random(0-4000);radixSort;316638
2700;AlmostSorted;radixSort;316638
2700;ReversedSorted;radixSort;316638
2800;Random(0-5);radixSort;327938
2800;Random(0-4000);radixSort;327938
2800;AlmostSorted;radixSort;327938
2800;ReversedSorted;radixSort;327938
2900;Random(0-5);radixSort;339238
2900;Random(0-4000);radixSort;339238
2900;AlmostSorted;radixSort;339238
2900;ReversedSorted;radixSort;339238
3000;Random(0-5);radixSort;350538
3000;Random(0-4000);radixSort;350538
3000;AlmostSorted;radixSort;350538
3000;ReversedSorted;radixSort;350538
3100;Random(0-5);radixSort;361838
3100;Random(0-4000);radixSort;361838
3100;AlmostSorted;radixSort;361838
3100;ReversedSorted;radixSort;361838
3200;Random(0-5);radixSort;373138
3200;Random(0-4000);radixSort;373138
3200;AlmostSorted;radixSort;373138
3200;ReversedSorted;radixSort;373138
3300;Random(0-5);radixSort;384438
3300;Random(0-4000);radixSort;384438
3300;AlmostSorted;radixSort;384438
3300;ReversedSorted;radixSort;384438
3400;Random(0-5);radixSort;395738
3400;Random(0-4000);radixSort;395738
3400;AlmostSorted;radixSort;395738
3400;ReversedSorted;radixSort;395738
3500;Random(0-5);radixSort;407038
3500;Random(0-4000);radixSort;407038
3500;AlmostSorted;radixSort;407038
3500;ReversedSorted;radixSort;407038
3600;Random(0-5);radixSort;418338
3600;Random(0-4000);radixSort;418338
3600;AlmostSorted;radixSort;418338
3600;ReversedSorted;radixSort;418338
3700;Random(0-5);radixSort;429638
3700;Random(0-4000);radixSort;429638
3700;AlmostSorted;radixSort;429638
3700;ReversedSorted;radixSort;429638
3800;Random(0-5);radixSort;440938
3800;Random(0-4000);radixSort;440938
3800;AlmostSorted;radixSort;440938
3800;ReversedSorted;radixSort;440938
3900;Random(0-5);radixSort;452238
3900;Random(0-4000);radixSort;452238
3900;AlmostSorted;radixSort;452238
3900;ReversedSorted;radixSort;452238
4000;Random(0-5);radixSort;463538
4000;Random(0-4000);radixSort;463538
4000;AlmostSorted;radixSort;463538
4000;ReversedSorted;radixSort;463538
4100;Random(0-5);radixSort;474838
4100;Random(0-4000);radixSort;474838
4100;AlmostSorted;radixSort;474838
4100;ReversedSorted;radixSort;474838
50;Random(0-5);mergeSort;7401
50;Random(0-4000);mergeSort;7433
50;AlmostSorted;mergeSort;7001
50;ReversedSorted;mergeSort;6833
100;Random(0-5);mergeSort;17139
100;Random(0-4000);mergeSort;17227
100;AlmostSorted;mergeSort;16339
100;ReversedSorted;mergeSort;15683
150;Random(0-5);mergeSort;27653
150;Random(0-4000);mergeSort;27853
150;AlmostSorted;mergeSort;26133
150;ReversedSorted;mergeSort;25269
200;Random(0-5);mergeSort;38951
200;Random(0-4000);mergeSort;39239
200;AlmostSorted;mergeSort;37343
200;ReversedSorted;mergeSort;35383
250;Random(0-5);mergeSort;50233
250;Random(0-4000);mergeSort;50633
250;AlmostSorted;mergeSort;48073
250;ReversedSorted;mergeSort;45225
300;Random(0-5);mergeSort;62315
300;Random(0-4000);mergeSort;62819
300;AlmostSorted;mergeSort;59475
300;ReversedSorted;mergeSort;56555
400;Random(0-5);mergeSort;87159
400;Random(0-4000);mergeSort;87879
400;AlmostSorted;mergeSort;83199
400;ReversedSorted;mergeSort;78783
500;Random(0-5);mergeSort;111971
500;Random(0-4000);mergeSort;113131
500;AlmostSorted;mergeSort;108235
500;ReversedSorted;mergeSort;100467
600;Random(0-5);mergeSort;138703
600;Random(0-4000);mergeSort;140119
600;AlmostSorted;mergeSort;132983
600;ReversedSorted;mergeSort;125127
700;Random(0-5);mergeSort;165739
700;Random(0-4000);mergeSort;167547
700;AlmostSorted;mergeSort;159571
700;ReversedSorted;mergeSort;149531
800;Random(0-5);mergeSort;192951
800;Random(0-4000);mergeSort;194903
800;AlmostSorted;mergeSort;184727
800;ReversedSorted;mergeSort;173583
900;Random(0-5);mergeSort;219787
900;Random(0-4000);mergeSort;222451
900;AlmostSorted;mergeSort;209691
900;ReversedSorted;mergeSort;197475
1000;Random(0-5);mergeSort;246775
1000;Random(0-4000);mergeSort;250167
1000;AlmostSorted;mergeSort;235767
1000;ReversedSorted;mergeSort;220951
1100;Random(0-5);mergeSort;275867
1100;Random(0-4000);mergeSort;279299
1100;AlmostSorted;mergeSort;260267
1100;ReversedSorted;mergeSort;247371
1200;Random(0-5);mergeSort;305087
1200;Random(0-4000);mergeSort;308927
1200;AlmostSorted;mergeSort;287919
1200;ReversedSorted;mergeSort;274271
1300;Random(0-5);mergeSort;334363
1300;Random(0-4000);mergeSort;338651
1300;AlmostSorted;mergeSort;316187
1300;ReversedSorted;mergeSort;300691
1400;Random(0-5);mergeSort;363775
1400;Random(0-4000);mergeSort;368743
1400;AlmostSorted;mergeSort;344871
1400;ReversedSorted;mergeSort;327079
1500;Random(0-5);mergeSort;393235
1500;Random(0-4000);mergeSort;398419
1500;AlmostSorted;mergeSort;370315
1500;ReversedSorted;mergeSort;353019
1600;Random(0-5);mergeSort;422679
1600;Random(0-4000);mergeSort;428199
1600;AlmostSorted;mergeSort;399823
1600;ReversedSorted;mergeSort;379183
1700;Random(0-5);mergeSort;451867
1700;Random(0-4000);mergeSort;458115
1700;AlmostSorted;mergeSort;429971
1700;ReversedSorted;mergeSort;405443
1800;Random(0-5);mergeSort;481511
1800;Random(0-4000);mergeSort;488247
1800;AlmostSorted;mergeSort;455175
1800;ReversedSorted;mergeSort;430967
1900;Random(0-5);mergeSort;510603
1900;Random(0-4000);mergeSort;518187
1900;AlmostSorted;mergeSort;482979
1900;ReversedSorted;mergeSort;456779
2000;Random(0-5);mergeSort;540367
2000;Random(0-4000);mergeSort;548431
2000;AlmostSorted;mergeSort;509007
2000;ReversedSorted;mergeSort;481919
2100;Random(0-5);mergeSort;571171
2100;Random(0-4000);mergeSort;579411
2100;AlmostSorted;mergeSort;541011
2100;ReversedSorted;mergeSort;509331
2200;Random(0-5);mergeSort;602903
2200;Random(0-4000);mergeSort;611471
2200;AlmostSorted;mergeSort;566703
2200;ReversedSorted;mergeSort;538759
2300;Random(0-5);mergeSort;634811
2300;Random(0-4000);mergeSort;643739
2300;AlmostSorted;mergeSort;597067
2300;ReversedSorted;mergeSort;567483
2400;Random(0-5);mergeSort;666671
2400;Random(0-4000);mergeSort;675591
2400;AlmostSorted;mergeSort;628839
2400;ReversedSorted;mergeSort;596559
2500;Random(0-5);mergeSort;698219
2500;Random(0-4000);mergeSort;707675
2500;AlmostSorted;mergeSort;659243
2500;ReversedSorted;mergeSort;624963
2600;Random(0-5);mergeSort;730071
2600;Random(0-4000);mergeSort;739943
2600;AlmostSorted;mergeSort;688751
2600;ReversedSorted;mergeSort;653399
2700;Random(0-5);mergeSort;762179
2700;Random(0-4000);mergeSort;772403
2700;AlmostSorted;mergeSort;717947
2700;ReversedSorted;mergeSort;682059
2800;Random(0-5);mergeSort;793295
2800;Random(0-4000);mergeSort;804631
2800;AlmostSorted;mergeSort;752079
2800;ReversedSorted;mergeSort;710175
2900;Random(0-5);mergeSort;824947
2900;Random(0-4000);mergeSort;836523
2900;AlmostSorted;mergeSort;778171
2900;ReversedSorted;mergeSort;738419
3000;Random(0-5);mergeSort;856983
3000;Random(0-4000);mergeSort;868887
3000;AlmostSorted;mergeSort;800535
3000;ReversedSorted;mergeSort;766055
3100;Random(0-5);mergeSort;888571
3100;Random(0-4000);mergeSort;900963
3100;AlmostSorted;mergeSort;831315
3100;ReversedSorted;mergeSort;793755
3200;Random(0-5);mergeSort;920767
3200;Random(0-4000);mergeSort;933423
3200;AlmostSorted;mergeSort;860959
3200;ReversedSorted;mergeSort;822383
3300;Random(0-5);mergeSort;952211
3300;Random(0-4000);mergeSort;966091
3300;AlmostSorted;mergeSort;892659
3300;ReversedSorted;mergeSort;850755
3400;Random(0-5);mergeSort;984599
3400;Random(0-4000);mergeSort;997927
3400;AlmostSorted;mergeSort;922575
3400;ReversedSorted;mergeSort;878903
3500;Random(0-5);mergeSort;1016587
3500;Random(0-4000);mergeSort;1031083
3500;AlmostSorted;mergeSort;950923
3500;ReversedSorted;mergeSort;906667
3600;Random(0-5);mergeSort;1048319
3600;Random(0-4000);mergeSort;1062935
3600;AlmostSorted;mergeSort;984431
3600;ReversedSorted;mergeSort;933951
3700;Random(0-5);mergeSort;1080435
3700;Random(0-4000);mergeSort;1095619
3700;AlmostSorted;mergeSort;1011451
3700;ReversedSorted;mergeSort;962035
3800;Random(0-5);mergeSort;1111847
3800;Random(0-4000);mergeSort;1128007
3800;AlmostSorted;mergeSort;1042471
3800;ReversedSorted;mergeSort;989575
3900;Random(0-5);mergeSort;1143915
3900;Random(0-4000);mergeSort;1160275
3900;AlmostSorted;mergeSort;1073451
3900;ReversedSorted;mergeSort;1016859
4000;Random(0-5);mergeSort;1175551
4000;Random(0-4000);mergeSort;1192935
4000;AlmostSorted;mergeSort;1098543
4000;ReversedSorted;mergeSort;1043855
4100;Random(0-5);mergeSort;1207107
4100;Random(0-4000);mergeSort;1225899
4100;AlmostSorted;mergeSort;1143259
4100;ReversedSorted;mergeSort;1070403
50;Random(0-5);quickSort;2152
50;Random(0-4000);quickSort;2184
50;AlmostSorted;quickSort;4411
50;ReversedSorted;quickSort;4752
100;Random(0-5);quickSort;4865
100;Random(0-4000);quickSort;4960
100;AlmostSorted;quickSort;11713
100;ReversedSorted;quickSort;17027
150;Random(0-5);quickSort;7903
150;Random(0-4000);quickSort;8345
150;AlmostSorted;quickSort;21348
150;ReversedSorted;quickSort;36802
200;Random(0-5);quickSort;11070
200;Random(0-4000);quickSort;11096
200;AlmostSorted;quickSort;33727
200;ReversedSorted;quickSort;64077
250;Random(0-5);quickSort;13981
250;Random(0-4000);quickSort;15351
250;AlmostSorted;quickSort;48377
250;ReversedSorted;quickSort;98852
300;Random(0-5);quickSort;17228
300;Random(0-4000);quickSort;18504
300;AlmostSorted;quickSort;63279
300;ReversedSorted;quickSort;141127
400;Random(0-5);quickSort;24064
400;Random(0-4000);quickSort;25748
400;AlmostSorted;quickSort;94284
400;ReversedSorted;quickSort;248177
500;Random(0-5);quickSort;30731
500;Random(0-4000);quickSort;32659
500;AlmostSorted;quickSort;128300
500;ReversedSorted;quickSort;385227
600;Random(0-5);quickSort;37994
600;Random(0-4000);quickSort;39288
600;AlmostSorted;quickSort;148679
600;ReversedSorted;quickSort;552277
700;Random(0-5);quickSort;45439
700;Random(0-4000);quickSort;47418
700;AlmostSorted;quickSort;227555
700;ReversedSorted;quickSort;749327
800;Random(0-5);quickSort;51429
800;Random(0-4000);quickSort;56874
800;AlmostSorted;quickSort;182502
800;ReversedSorted;quickSort;976377
900;Random(0-5);quickSort;60963
900;Random(0-4000);quickSort;62434
900;AlmostSorted;quickSort;266318
900;ReversedSorted;quickSort;1233427
1000;Random(0-5);quickSort;66512
1000;Random(0-4000);quickSort;70560
1000;AlmostSorted;quickSort;325604
1000;ReversedSorted;quickSort;1520477
1100;Random(0-5);quickSort;73661
1100;Random(0-4000);quickSort;77531
1100;AlmostSorted;quickSort;348854
1100;ReversedSorted;quickSort;1837527
1200;Random(0-5);quickSort;81996
1200;Random(0-4000);quickSort;89348
1200;AlmostSorted;quickSort;380277
1200;ReversedSorted;quickSort;2184577
1300;Random(0-5);quickSort;91333
1300;Random(0-4000);quickSort;97816
1300;AlmostSorted;quickSort;420952
1300;ReversedSorted;quickSort;2561627
1400;Random(0-5);quickSort;97254
1400;Random(0-4000);quickSort;108920
1400;AlmostSorted;quickSort;466981
1400;ReversedSorted;quickSort;2968677
1500;Random(0-5);quickSort;105269
1500;Random(0-4000);quickSort;117517
1500;AlmostSorted;quickSort;514250
1500;ReversedSorted;quickSort;3405727
1600;Random(0-5);quickSort;113962
1600;Random(0-4000);quickSort;119017
1600;AlmostSorted;quickSort;516438
1600;ReversedSorted;quickSort;3872777
1700;Random(0-5);quickSort;120210
1700;Random(0-4000);quickSort;129764
1700;AlmostSorted;quickSort;579233
1700;ReversedSorted;quickSort;4369827
1800;Random(0-5);quickSort;127832
1800;Random(0-4000);quickSort;134824
1800;AlmostSorted;quickSort;679961
1800;ReversedSorted;quickSort;4896877
1900;Random(0-5);quickSort;135388
1900;Random(0-4000);quickSort;146777
1900;AlmostSorted;quickSort;620573
1900;ReversedSorted;quickSort;5453927
2000;Random(0-5);quickSort;144561
2000;Random(0-4000);quickSort;154644
2000;AlmostSorted;quickSort;679532
2000;ReversedSorted;quickSort;6040977
2100;Random(0-5);quickSort;151098
2100;Random(0-4000);quickSort;161805
2100;AlmostSorted;quickSort;710629
2100;ReversedSorted;quickSort;6658027
2200;Random(0-5);quickSort;163221
2200;Random(0-4000);quickSort;173787
2200;AlmostSorted;quickSort;751841
2200;ReversedSorted;quickSort;7305077
2300;Random(0-5);quickSort;169005
2300;Random(0-4000);quickSort;178930
2300;AlmostSorted;quickSort;800777
2300;ReversedSorted;quickSort;7982127
2400;Random(0-5);quickSort;175483
2400;Random(0-4000);quickSort;188810
2400;AlmostSorted;quickSort;877431
2400;ReversedSorted;quickSort;8689177
2500;Random(0-5);quickSort;187763
2500;Random(0-4000);quickSort;196646
2500;AlmostSorted;quickSort;869408
2500;ReversedSorted;quickSort;9426227
2600;Random(0-5);quickSort;194069
2600;Random(0-4000);quickSort;205643
2600;AlmostSorted;quickSort;917445
2600;ReversedSorted;quickSort;10193277
2700;Random(0-5);quickSort;202665
2700;Random(0-4000);quickSort;213063
2700;AlmostSorted;quickSort;946361
2700;ReversedSorted;quickSort;10990327
2800;Random(0-5);quickSort;210564
2800;Random(0-4000);quickSort;219067
2800;AlmostSorted;quickSort;996132
2800;ReversedSorted;quickSort;11817377
2900;Random(0-5);quickSort;218834
2900;Random(0-4000);quickSort;227697
2900;AlmostSorted;quickSort;1043933
2900;ReversedSorted;quickSort;12674427
3000;Random(0-5);quickSort;227262
3000;Random(0-4000);quickSort;238145
3000;AlmostSorted;quickSort;1092012
3000;ReversedSorted;quickSort;13561477
3100;Random(0-5);quickSort;233440
3100;Random(0-4000);quickSort;241562
3100;AlmostSorted;quickSort;1148593
3100;ReversedSorted;quickSort;14478527
3200;Random(0-5);quickSort;242253
3200;Random(0-4000);quickSort;260247
3200;AlmostSorted;quickSort;1213260
3200;ReversedSorted;quickSort;15425577
3300;Random(0-5);quickSort;253312
3300;Random(0-4000);quickSort;265981
3300;AlmostSorted;quickSort;1272535
3300;ReversedSorted;quickSort;16402627
3400;Random(0-5);quickSort;258894
3400;Random(0-4000);quickSort;265193
3400;AlmostSorted;quickSort;1335308
3400;ReversedSorted;quickSort;17409677
3500;Random(0-5);quickSort;271228
3500;Random(0-4000);quickSort;285735
3500;AlmostSorted;quickSort;1399469
3500;ReversedSorted;quickSort;18446727
3600;Random(0-5);quickSort;282448
3600;Random(0-4000);quickSort;295821
3600;AlmostSorted;quickSort;1471445
3600;ReversedSorted;quickSort;19513777
3700;Random(0-5);quickSort;289177
3700;Random(0-4000);quickSort;301757
3700;AlmostSorted;quickSort;1527814
3700;ReversedSorted;quickSort;20610827
3800;Random(0-5);quickSort;307437
3800;Random(0-4000);quickSort;321330
3800;AlmostSorted;quickSort;1577303
3800;ReversedSorted;quickSort;21737877
3900;Random(0-5);quickSort;306755
3900;Random(0-4000);quickSort;326996
3900;AlmostSorted;quickSort;1630214
3900;ReversedSorted;quickSort;22894927
4000;Random(0-5);quickSort;306550
4000;Random(0-4000);quickSort;329556
4000;AlmostSorted;quickSort;1708638
4000;ReversedSorted;quickSort;24081977
4100;Random(0-5);quickSort;321564
4100;Random(0-4000);quickSort;344380
4100;AlmostSorted;quickSort;769552
4100;ReversedSorted;quickSort;25299027
50;Random(0-5);heapSort;4408
50;Random(0-4000);heapSort;4814
50;AlmostSorted;heapSort;4988
50;ReversedSorted;heapSort;4364
100;Random(0-5);heapSort;10671
100;Random(0-4000);heapSort;11345
100;AlmostSorted;heapSort;11942
100;ReversedSorted;heapSort;10543
150;Random(0-5);heapSort;17653
150;Random(0-4000);heapSort;18793
150;AlmostSorted;heapSort;19391
150;ReversedSorted;heapSort;17476
200;Random(0-5);heapSort;24330
200;Random(0-4000);heapSort;26713
200;AlmostSorted;heapSort;27465
200;ReversedSorted;heapSort;24729
250;Random(0-5);heapSort;31885
250;Random(0-4000);heapSort;34663
250;AlmostSorted;heapSort;35645
250;ReversedSorted;heapSort;32401
300;Random(0-5);heapSort;39546
300;Random(0-4000);heapSort;43398
300;AlmostSorted;heapSort;44535
300;ReversedSorted;heapSort;40387
400;Random(0-5);heapSort;55287
400;Random(0-4000);heapSort;61152
400;AlmostSorted;heapSort;63243
400;ReversedSorted;heapSort;57087
500;Random(0-5);heapSort;71006
500;Random(0-4000);heapSort;79168
500;AlmostSorted;heapSort;82107
500;ReversedSorted;heapSort;74480
600;Random(0-5);heapSort;87285
600;Random(0-4000);heapSort;98419
600;AlmostSorted;heapSort;101802
600;ReversedSorted;heapSort;92332
700;Random(0-5);heapSort;105732
700;Random(0-4000);heapSort;117976
700;AlmostSorted;heapSort;121680
700;ReversedSorted;heapSort;110983
800;Random(0-5);heapSort;123398
800;Random(0-4000);heapSort;137686
800;AlmostSorted;heapSort;143420
800;ReversedSorted;heapSort;129648
900;Random(0-5);heapSort;139889
900;Random(0-4000);heapSort;157637
900;AlmostSorted;heapSort;165213
900;ReversedSorted;heapSort;149245
1000;Random(0-5);heapSort;156892
1000;Random(0-4000);heapSort;177733
1000;AlmostSorted;heapSort;185891
1000;ReversedSorted;heapSort;167766
1100;Random(0-5);heapSort;174143
1100;Random(0-4000);heapSort;198530
1100;AlmostSorted;heapSort;207963
1100;ReversedSorted;heapSort;188195
1200;Random(0-5);heapSort;193655
1200;Random(0-4000);heapSort;219924
1200;AlmostSorted;heapSort;230335
1200;ReversedSorted;heapSort;207942
1300;Random(0-5);heapSort;213275
1300;Random(0-4000);heapSort;241218
1300;AlmostSorted;heapSort;252654
1300;ReversedSorted;heapSort;228579
1400;Random(0-5);heapSort;231153
1400;Random(0-4000);heapSort;262652
1400;AlmostSorted;heapSort;274672
1400;ReversedSorted;heapSort;248814
1500;Random(0-5);heapSort;251741
1500;Random(0-4000);heapSort;284461
1500;AlmostSorted;heapSort;296588
1500;ReversedSorted;heapSort;270519
1600;Random(0-5);heapSort;270235
1600;Random(0-4000);heapSort;306709
1600;AlmostSorted;heapSort;319123
1600;ReversedSorted;heapSort;290139
1700;Random(0-5);heapSort;287237
1700;Random(0-4000);heapSort;328063
1700;AlmostSorted;heapSort;341904
1700;ReversedSorted;heapSort;311889
1800;Random(0-5);heapSort;303962
1800;Random(0-4000);heapSort;350669
1800;AlmostSorted;heapSort;364135
1800;ReversedSorted;heapSort;332905
1900;Random(0-5);heapSort;324951
1900;Random(0-4000);heapSort;372468
1900;AlmostSorted;heapSort;387800
1900;ReversedSorted;heapSort;355776
2000;Random(0-5);heapSort;344355
2000;Random(0-4000);heapSort;394706
2000;AlmostSorted;heapSort;411246
2000;ReversedSorted;heapSort;375012
2100;Random(0-5);heapSort;362469
2100;Random(0-4000);heapSort;416692
2100;AlmostSorted;heapSort;434828
2100;ReversedSorted;heapSort;397464
2200;Random(0-5);heapSort;383152
2200;Random(0-4000);heapSort;439830
2200;AlmostSorted;heapSort;459025
2200;ReversedSorted;heapSort;418688
2300;Random(0-5);heapSort;403734
2300;Random(0-4000);heapSort;463017
2300;AlmostSorted;heapSort;483379
2300;ReversedSorted;heapSort;442972
2400;Random(0-5);heapSort;423343
2400;Random(0-4000);heapSort;486101
2400;AlmostSorted;heapSort;507727
2400;ReversedSorted;heapSort;463192
2500;Random(0-5);heapSort;443839
2500;Random(0-4000);heapSort;509537
2500;AlmostSorted;heapSort;531646
2500;ReversedSorted;heapSort;485641
2600;Random(0-5);heapSort;465424
2600;Random(0-4000);heapSort;532795
2600;AlmostSorted;heapSort;555212
2600;ReversedSorted;heapSort;507378
2700;Random(0-5);heapSort;485415
2700;Random(0-4000);heapSort;556642
2700;AlmostSorted;heapSort;580779
2700;ReversedSorted;heapSort;531819
2800;Random(0-5);heapSort;506425
2800;Random(0-4000);heapSort;579475
2800;AlmostSorted;heapSort;605786
2800;ReversedSorted;heapSort;552519
2900;Random(0-5);heapSort;527832
2900;Random(0-4000);heapSort;603274
2900;AlmostSorted;heapSort;630995
2900;ReversedSorted;heapSort;575242
3000;Random(0-5);heapSort;548075
3000;Random(0-4000);heapSort;626775
3000;AlmostSorted;heapSort;655838
3000;ReversedSorted;heapSort;596993
3100;Random(0-5);heapSort;569201
3100;Random(0-4000);heapSort;650678
3100;AlmostSorted;heapSort;680128
3100;ReversedSorted;heapSort;621733
3200;Random(0-5);heapSort;587646
3200;Random(0-4000);heapSort;674769
3200;AlmostSorted;heapSort;704646
3200;ReversedSorted;heapSort;643670
3300;Random(0-5);heapSort;607130
3300;Random(0-4000);heapSort;698521
3300;AlmostSorted;heapSort;729029
3300;ReversedSorted;heapSort;666052
3400;Random(0-5);heapSort;627562
3400;Random(0-4000);heapSort;722213
3400;AlmostSorted;heapSort;752716
3400;ReversedSorted;heapSort;689434
3500;Random(0-5);heapSort;643953
3500;Random(0-4000);heapSort;745433
3500;AlmostSorted;heapSort;775184
3500;ReversedSorted;heapSort;714290
3600;Random(0-5);heapSort;664247
3600;Random(0-4000);heapSort;769904
3600;AlmostSorted;heapSort;798807
3600;ReversedSorted;heapSort;736485
3700;Random(0-5);heapSort;688137
3700;Random(0-4000);heapSort;793279
3700;AlmostSorted;heapSort;825689
3700;ReversedSorted;heapSort;758666
3800;Random(0-5);heapSort;708171
3800;Random(0-4000);heapSort;817990
3800;AlmostSorted;heapSort;851490
3800;ReversedSorted;heapSort;783029
3900;Random(0-5);heapSort;728220
3900;Random(0-4000);heapSort;841713
3900;AlmostSorted;heapSort;876782
3900;ReversedSorted;heapSort;806943
4000;Random(0-5);heapSort;749566
4000;Random(0-4000);heapSort;866556
4000;AlmostSorted;heapSort;901539
4000;ReversedSorted;heapSort;829558
4100;Random(0-5);heapSort;769945
4100;Random(0-4000);heapSort;890637
4100;AlmostSorted;heapSort;917482
4100;ReversedSorted;heapSort;851808
50;Random(0-5);shellShellSort;3056
50;Random(0-4000);shellShellSort;3944
50;AlmostSorted;shellShellSort;2528
50;ReversedSorted;shellShellSort;3308
100;Random(0-5);shellShellSort;6635
100;Random(0-4000);shellShellSort;9011
100;AlmostSorted;shellShellSort;6347
100;ReversedSorted;shellShellSort;8171
150;Random(0-5);shellShellSort;12196
150;Random(0-4000);shellShellSort;16936
150;AlmostSorted;shellShellSort;11356
150;ReversedSorted;shellShellSort;14164
200;Random(0-5);shellShellSort;15594
200;Random(0-4000);shellShellSort;24294
200;AlmostSorted;shellShellSort;15654
200;ReversedSorted;shellShellSort;19494
250;Random(0-5);shellShellSort;20484
250;Random(0-4000);shellShellSort;30756
250;AlmostSorted;shellShellSort;20556
250;ReversedSorted;shellShellSort;26184
300;Random(0-5);shellShellSort;27811
300;Random(0-4000);shellShellSort;40483
300;AlmostSorted;shellShellSort;26887
300;ReversedSorted;shellShellSort;33067
400;Random(0-5);shellShellSort;37657
400;Random(0-4000);shellShellSort;60337
400;AlmostSorted;shellShellSort;38761
400;ReversedSorted;shellShellSort;45337
500;Random(0-5);shellShellSort;46907
500;Random(0-4000);shellShellSort;73643
500;AlmostSorted;shellShellSort;50459
500;ReversedSorted;shellShellSort;60287
600;Random(0-5);shellShellSort;62134
600;Random(0-4000);shellShellSort;91618
600;AlmostSorted;shellShellSort;64834
600;ReversedSorted;shellShellSort;75670
700;Random(0-5);shellShellSort;71954
700;Random(0-4000);shellShellSort;112382
700;AlmostSorted;shellShellSort;77258
700;ReversedSorted;shellShellSort;91130
800;Random(0-5);shellShellSort;91036
800;Random(0-4000);shellShellSort;147736
800;AlmostSorted;shellShellSort;90376
800;ReversedSorted;shellShellSort;103420
900;Random(0-5);shellShellSort;99298
900;Random(0-4000);shellShellSort;171082
900;AlmostSorted;shellShellSort;104098
900;ReversedSorted;shellShellSort;122230
1000;Random(0-5);shellShellSort;105986
1000;Random(0-4000);shellShellSort;173270
1000;AlmostSorted;shellShellSort;117422
1000;ReversedSorted;shellShellSort;136490
1100;Random(0-5);shellShellSort;123037
1100;Random(0-4000);shellShellSort;199969
1100;AlmostSorted;shellShellSort;130873
1100;ReversedSorted;shellShellSort;153889
1200;Random(0-5);shellShellSort;140869
1200;Random(0-4000);shellShellSort;221209
1200;AlmostSorted;shellShellSort;142849
1200;ReversedSorted;shellShellSort;170473
1300;Random(0-5);shellShellSort;150469
1300;Random(0-4000);shellShellSort;256117
1300;AlmostSorted;shellShellSort;156661
1300;ReversedSorted;shellShellSort;191233
1400;Random(0-5);shellShellSort;161601
1400;Random(0-4000);shellShellSort;256521
1400;AlmostSorted;shellShellSort;166689
1400;ReversedSorted;shellShellSort;204573
1500;Random(0-5);shellShellSort;170323
1500;Random(0-4000);shellShellSort;292375
1500;AlmostSorted;shellShellSort;182239
1500;ReversedSorted;shellShellSort;220255
1600;Random(0-5);shellShellSort;202359
1600;Random(0-4000);shellShellSort;347919
1600;AlmostSorted;shellShellSort;199695
1600;ReversedSorted;shellShellSort;232383
1700;Random(0-5);shellShellSort;200015
1700;Random(0-4000);shellShellSort;332219
1700;AlmostSorted;shellShellSort;211235
1700;ReversedSorted;shellShellSort;248363
1800;Random(0-5);shellShellSort;214585
1800;Random(0-4000);shellShellSort;411085
1800;AlmostSorted;shellShellSort;220753
1800;ReversedSorted;shellShellSort;273193
1900;Random(0-5);shellShellSort;214795
1900;Random(0-4000);shellShellSort;359419
1900;AlmostSorted;shellShellSort;234451
1900;ReversedSorted;shellShellSort;282943
2000;Random(0-5);shellShellSort;239013
2000;Random(0-4000);shellShellSort;406305
2000;AlmostSorted;shellShellSort;255285
2000;ReversedSorted;shellShellSort;304893
2100;Random(0-5);shellShellSort;263356
2100;Random(0-4000);shellShellSort;481864
2100;AlmostSorted;shellShellSort;289096
2100;ReversedSorted;shellShellSort;323596
2200;Random(0-5);shellShellSort;274388
2200;Random(0-4000);shellShellSort;456116
2200;AlmostSorted;shellShellSort;291296
2200;ReversedSorted;shellShellSort;342908
2300;Random(0-5);shellShellSort;282330
2300;Random(0-4000);shellShellSort;474894
2300;AlmostSorted;shellShellSort;294390
2300;ReversedSorted;shellShellSort;376506
2400;Random(0-5);shellShellSort;315472
2400;Random(0-4000);shellShellSort;516184
2400;AlmostSorted;shellShellSort;317704
2400;ReversedSorted;shellShellSort;379276
2500;Random(0-5);shellShellSort;316962
2500;Random(0-4000);shellShellSort;553098
2500;AlmostSorted;shellShellSort;328590
2500;ReversedSorted;shellShellSort;407766
2600;Random(0-5);shellShellSort;328176
2600;Random(0-4000);shellShellSort;592860
2600;AlmostSorted;shellShellSort;352656
2600;ReversedSorted;shellShellSort;423996
2700;Random(0-5);shellShellSort;341870
2700;Random(0-4000);shellShellSort;598706
2700;AlmostSorted;shellShellSort;361958
2700;ReversedSorted;shellShellSort;438566
2800;Random(0-5);shellShellSort;366700
2800;Random(0-4000);shellShellSort;644836
2800;AlmostSorted;shellShellSort;372544
2800;ReversedSorted;shellShellSort;453856
2900;Random(0-5);shellShellSort;365636
2900;Random(0-4000);shellShellSort;637640
2900;AlmostSorted;shellShellSort;385592
2900;ReversedSorted;shellShellSort;467936
3000;Random(0-5);shellShellSort;373534
3000;Random(0-4000);shellShellSort;653122
3000;AlmostSorted;shellShellSort;403870
3000;ReversedSorted;shellShellSort;488410
3100;Random(0-5);shellShellSort;387186
3100;Random(0-4000);shellShellSort;824634
3100;AlmostSorted;shellShellSort;446970
3100;ReversedSorted;shellShellSort;495846
3200;Random(0-5);shellShellSort;451874
3200;Random(0-4000);shellShellSort;859310
3200;AlmostSorted;shellShellSort;447902
3200;ReversedSorted;shellShellSort;515906
3300;Random(0-5);shellShellSort;412896
3300;Random(0-4000);shellShellSort;749988
3300;AlmostSorted;shellShellSort;450168
3300;ReversedSorted;shellShellSort;561312
3400;Random(0-5);shellShellSort;434790
3400;Random(0-4000);shellShellSort;766434
3400;AlmostSorted;shellShellSort;457206
3400;ReversedSorted;shellShellSort;551046
3500;Random(0-5);shellShellSort;440730
3500;Random(0-4000);shellShellSort;820998
3500;AlmostSorted;shellShellSort;472758
3500;ReversedSorted;shellShellSort;565626
3600;Random(0-5);shellShellSort;470644
3600;Random(0-4000);shellShellSort;980092
3600;AlmostSorted;shellShellSort;480916
3600;ReversedSorted;shellShellSort;603916
3700;Random(0-5);shellShellSort;469178
3700;Random(0-4000);shellShellSort;848390
3700;AlmostSorted;shellShellSort;497162
3700;ReversedSorted;shellShellSort;611114
3800;Random(0-5);shellShellSort;476058
3800;Random(0-4000);shellShellSort;861114
3800;AlmostSorted;shellShellSort;512550
3800;ReversedSorted;shellShellSort;626586
3900;Random(0-5);shellShellSort;486848
3900;Random(0-4000);shellShellSort;899912
3900;AlmostSorted;shellShellSort;518276
3900;ReversedSorted;shellShellSort;659396
4000;Random(0-5);shellShellSort;532000
4000;Random(0-4000);shellShellSort;961768
4000;AlmostSorted;shellShellSort;548752
4000;ReversedSorted;shellShellSort;673696
4100;Random(0-5);shellShellSort;603747
4100;Random(0-4000);shellShellSort;1606443
4100;AlmostSorted;shellShellSort;673491
4100;ReversedSorted;shellShellSort;697059
50;Random(0-5);shellCiuraSort;2394
50;Random(0-4000);shellCiuraSort;3174
50;AlmostSorted;shellCiuraSort;2118
50;ReversedSorted;shellCiuraSort;3018
100;Random(0-5);shellCiuraSort;6096
100;Random(0-4000);shellCiuraSort;8892
100;AlmostSorted;shellCiuraSort;5652
100;ReversedSorted;shellCiuraSort;7116
150;Random(0-5);shellCiuraSort;9436
150;Random(0-4000);shellCiuraSort;13636
150;AlmostSorted;shellCiuraSort;9520
150;ReversedSorted;shellCiuraSort;11608
200;Random(0-5);shellCiuraSort;13156
200;Random(0-4000);shellCiuraSort;20380
200;AlmostSorted;shellCiuraSort;13636
200;ReversedSorted;shellCiuraSort;15748
250;Random(0-5);shellCiuraSort;17320
250;Random(0-4000);shellCiuraSort;26776
250;AlmostSorted;shellCiuraSort;17980
250;ReversedSorted;shellCiuraSort;21592
300;Random(0-5);shellCiuraSort;21712
300;Random(0-4000);shellCiuraSort;34612
300;AlmostSorted;shellCiuraSort;22336
300;ReversedSorted;shellCiuraSort;25660
400;Random(0-5);shellCiuraSort;30622
400;Random(0-4000);shellCiuraSort;49006
400;AlmostSorted;shellCiuraSort;33250
400;ReversedSorted;shellCiuraSort;35410
500;Random(0-5);shellCiuraSort;39914
500;Random(0-4000);shellCiuraSort;64442
500;AlmostSorted;shellCiuraSort;44750
500;ReversedSorted;shellCiuraSort;48626
600;Random(0-5);shellCiuraSort;49590
600;Random(0-4000);shellCiuraSort;81834
600;AlmostSorted;shellCiuraSort;54678
600;ReversedSorted;shellCiuraSort;60618
700;Random(0-5);shellCiuraSort;58522
700;Random(0-4000);shellCiuraSort;95482
700;AlmostSorted;shellCiuraSort;64786
700;ReversedSorted;shellCiuraSort;71386
800;Random(0-5);shellCiuraSort;67844
800;Random(0-4000);shellCiuraSort;110492
800;AlmostSorted;shellCiuraSort;79268
800;ReversedSorted;shellCiuraSort;81800
900;Random(0-5);shellCiuraSort;78676
900;Random(0-4000);shellCiuraSort;130072
900;AlmostSorted;shellCiuraSort;91156
900;ReversedSorted;shellCiuraSort;93760
1000;Random(0-5);shellCiuraSort;88200
1000;Random(0-4000);shellCiuraSort;146556
1000;AlmostSorted;shellCiuraSort;101820
1000;ReversedSorted;shellCiuraSort;104808
1100;Random(0-5);shellCiuraSort;98792
1100;Random(0-4000);shellCiuraSort;166376
1100;AlmostSorted;shellCiuraSort;111056
1100;ReversedSorted;shellCiuraSort;117728
1200;Random(0-5);shellCiuraSort;109588
1200;Random(0-4000);shellCiuraSort;186316
1200;AlmostSorted;shellCiuraSort;121288
1200;ReversedSorted;shellCiuraSort;129424
1300;Random(0-5);shellCiuraSort;119880
1300;Random(0-4000);shellCiuraSort;202920
1300;AlmostSorted;shellCiuraSort;131820
1300;ReversedSorted;shellCiuraSort;153624
1400;Random(0-5);shellCiuraSort;130904
1400;Random(0-4000);shellCiuraSort;219800
1400;AlmostSorted;shellCiuraSort;143636
1400;ReversedSorted;shellCiuraSort;159272
1500;Random(0-5);shellCiuraSort;139996
1500;Random(0-4000);shellCiuraSort;237844
1500;AlmostSorted;shellCiuraSort;155008
1500;ReversedSorted;shellCiuraSort;175168
1600;Random(0-5);shellCiuraSort;148704
1600;Random(0-4000);shellCiuraSort;253620
1600;AlmostSorted;shellCiuraSort;167760
1600;ReversedSorted;shellCiuraSort;179280
1700;Random(0-5);shellCiuraSort;159932
1700;Random(0-4000);shellCiuraSort;273668
1700;AlmostSorted;shellCiuraSort;178112
1700;ReversedSorted;shellCiuraSort;202088
1800;Random(0-5);shellCiuraSort;170400
1800;Random(0-4000);shellCiuraSort;292536
1800;AlmostSorted;shellCiuraSort;190140
1800;ReversedSorted;shellCiuraSort;213948
1900;Random(0-5);shellCiuraSort;180516
1900;Random(0-4000);shellCiuraSort;308544
1900;AlmostSorted;shellCiuraSort;205152
1900;ReversedSorted;shellCiuraSort;216300
2000;Random(0-5);shellCiuraSort;190860
2000;Random(0-4000);shellCiuraSort;327564
2000;AlmostSorted;shellCiuraSort;219876
2000;ReversedSorted;shellCiuraSort;238356
2100;Random(0-5);shellCiuraSort;202248
2100;Random(0-4000);shellCiuraSort;348732
2100;AlmostSorted;shellCiuraSort;230208
2100;ReversedSorted;shellCiuraSort;249012
2200;Random(0-5);shellCiuraSort;213912
2200;Random(0-4000);shellCiuraSort;365532
2200;AlmostSorted;shellCiuraSort;241680
2200;ReversedSorted;shellCiuraSort;266028
2300;Random(0-5);shellCiuraSort;225036
2300;Random(0-4000);shellCiuraSort;389532
2300;AlmostSorted;shellCiuraSort;253632
2300;ReversedSorted;shellCiuraSort;274620
2400;Random(0-5);shellCiuraSort;236988
2400;Random(0-4000);shellCiuraSort;411084
2400;AlmostSorted;shellCiuraSort;266472
2400;ReversedSorted;shellCiuraSort;290820
2500;Random(0-5);shellCiuraSort;247740
2500;Random(0-4000);shellCiuraSort;427200
2500;AlmostSorted;shellCiuraSort;279876
2500;ReversedSorted;shellCiuraSort;300180
2600;Random(0-5);shellCiuraSort;259296
2600;Random(0-4000);shellCiuraSort;450372
2600;AlmostSorted;shellCiuraSort;294192
2600;ReversedSorted;shellCiuraSort;312996
2700;Random(0-5);shellCiuraSort;271140
2700;Random(0-4000);shellCiuraSort;475200
2700;AlmostSorted;shellCiuraSort;308316
2700;ReversedSorted;shellCiuraSort;328692
2800;Random(0-5);shellCiuraSort;283032
2800;Random(0-4000);shellCiuraSort;495504
2800;AlmostSorted;shellCiuraSort;321012
2800;ReversedSorted;shellCiuraSort;345876
2900;Random(0-5);shellCiuraSort;293964
2900;Random(0-4000);shellCiuraSort;512268
2900;AlmostSorted;shellCiuraSort;332916
2900;ReversedSorted;shellCiuraSort;359940
3000;Random(0-5);shellCiuraSort;304596
3000;Random(0-4000);shellCiuraSort;529644
3000;AlmostSorted;shellCiuraSort;344160
3000;ReversedSorted;shellCiuraSort;384876
3100;Random(0-5);shellCiuraSort;317076
3100;Random(0-4000);shellCiuraSort;551808
3100;AlmostSorted;shellCiuraSort;354456
3100;ReversedSorted;shellCiuraSort;411324
3200;Random(0-5);shellCiuraSort;328416
3200;Random(0-4000);shellCiuraSort;571380
3200;AlmostSorted;shellCiuraSort;366192
3200;ReversedSorted;shellCiuraSort;420396
3300;Random(0-5);shellCiuraSort;339636
3300;Random(0-4000);shellCiuraSort;590412
3300;AlmostSorted;shellCiuraSort;378252
3300;ReversedSorted;shellCiuraSort;437532
3400;Random(0-5);shellCiuraSort;351912
3400;Random(0-4000);shellCiuraSort;618612
3400;AlmostSorted;shellCiuraSort;390396
3400;ReversedSorted;shellCiuraSort;443244
3500;Random(0-5);shellCiuraSort;364752
3500;Random(0-4000);shellCiuraSort;638004
3500;AlmostSorted;shellCiuraSort;403296
3500;ReversedSorted;shellCiuraSort;468924
3600;Random(0-5);shellCiuraSort;376116
3600;Random(0-4000);shellCiuraSort;656892
3600;AlmostSorted;shellCiuraSort;417444
3600;ReversedSorted;shellCiuraSort;470940
3700;Random(0-5);shellCiuraSort;386064
3700;Random(0-4000);shellCiuraSort;676200
3700;AlmostSorted;shellCiuraSort;432828
3700;ReversedSorted;shellCiuraSort;492732
3800;Random(0-5);shellCiuraSort;397980
3800;Random(0-4000);shellCiuraSort;702612
3800;AlmostSorted;shellCiuraSort;446472
3800;ReversedSorted;shellCiuraSort;505020
3900;Random(0-5);shellCiuraSort;409332
3900;Random(0-4000);shellCiuraSort;724332
3900;AlmostSorted;shellCiuraSort;459708
3900;ReversedSorted;shellCiuraSort;523068
4000;Random(0-5);shellCiuraSort;420396
4000;Random(0-4000);shellCiuraSort;739008
4000;AlmostSorted;shellCiuraSort;472908
4000;ReversedSorted;shellCiuraSort;530652
4100;Random(0-5);shellCiuraSort;432660
4100;Random(0-4000);shellCiuraSort;765228
4100;AlmostSorted;shellCiuraSort;565260
4100;ReversedSorted;shellCiuraSort;537300
